player_id,age,obp,slg,walk_pct,strikeout_pct,exit_velocity,defensive_runs,projected_salary_m,future_war,high_value
P0001,21,0.309,0.507,0.103,0.273,90.9,7.8,3.43,6.29,0
P0002,27,0.336,0.403,0.09,0.273,92.9,-18.0,2.31,1.26,1
P0003,26,0.34,0.413,0.067,0.156,97.6,4.4,3.62,4.1,1
P0004,27,0.34,0.65,0.103,0.192,80.5,13.7,6.23,5.95,1
P0005,22,0.357,0.541,0.075,0.219,88.6,-13.6,3.54,4.42,1
P0006,20,0.345,0.466,0.04,0.285,88.2,5.0,5.23,3.7,1
P0007,30,0.32,0.41,0.06,0.26,90.0,-6.1,3.58,3.17,1
P0008,27,0.354,0.373,0.103,0.176,89.3,-1.8,4.37,4.09,1
P0009,23,0.3,0.425,0.056,0.207,89.8,-7.4,3.26,3.57,0
P0010,23,0.391,0.369,0.064,0.253,91.6,9.8,3.34,4.98,1
P0011,28,0.299,0.444,0.13,0.148,88.3,-3.1,3.37,2.71,0
P0012,24,0.326,0.378,0.075,0.282,88.5,-1.5,1.45,3.62,0
P0013,30,0.291,0.421,0.066,0.194,87.0,20.1,4.13,3.72,1
P0014,30,0.375,0.369,0.111,0.233,89.2,5.9,4.12,5.26,1
P0015,22,0.344,0.411,0.106,0.278,90.6,3.1,3.13,5.42,0
P0016,20,0.298,0.41,0.081,0.182,86.8,-6.5,2.48,1.49,0
P0017,20,0.297,0.335,0.073,0.228,88.8,6.7,2.68,3.11,0
P0018,22,0.359,0.411,0.074,0.22,88.1,21.4,3.16,4.83,1
P0019,26,0.276,0.362,0.064,0.259,85.8,-2.8,1.71,1.98,0
P0020,21,0.334,0.39,0.118,0.171,90.7,10.6,2.29,5.87,1
P0021,29,0.291,0.4,0.106,0.228,91.4,2.3,0.7,4.69,1
P0022,29,0.338,0.323,0.1,0.235,88.9,9.2,3.02,4.51,0
P0023,27,0.365,0.445,0.163,0.203,92.7,12.8,2.91,3.99,1
P0024,27,0.326,0.437,0.095,0.247,89.8,5.2,1.81,3.78,1
P0025,29,0.344,0.36,0.072,0.288,86.9,6.7,2.5,3.7,0
P0026,22,0.338,0.343,0.116,0.247,81.1,7.6,3.52,6.42,1
P0027,25,0.296,0.465,0.042,0.255,87.8,0.2,2.16,3.57,1
P0028,21,0.31,0.518,0.091,0.149,87.7,15.3,4.23,5.22,1
P0029,27,0.299,0.346,0.101,0.188,90.0,5.9,2.27,2.9,0
P0030,27,0.284,0.428,0.116,0.159,89.8,-7.4,3.02,4.23,0
P0031,29,0.24,0.52,0.095,0.272,84.3,2.5,2.31,1.44,0
P0032,22,0.375,0.488,0.112,0.237,90.2,4.6,4.57,5.51,1
P0033,26,0.308,0.592,0.059,0.222,85.8,-1.9,3.86,4.33,1
P0034,23,0.341,0.386,0.098,0.248,80.5,5.4,2.76,2.28,0
P0035,23,0.341,0.377,0.107,0.163,91.8,7.9,3.01,6.75,1
P0036,27,0.301,0.336,0.052,0.238,89.4,4.0,2.34,3.32,0
P0037,25,0.341,0.425,0.091,0.196,87.8,14.1,3.22,5.79,1
P0038,20,0.346,0.51,0.075,0.174,87.9,4.3,2.87,4.86,1
P0039,22,0.312,0.345,0.09,0.251,92.1,0.7,1.99,4.0,1
P0040,23,0.303,0.427,0.083,0.244,84.9,3.0,0.73,2.07,0
P0041,22,0.34,0.392,0.056,0.137,85.9,6.0,4.88,3.85,0
P0042,25,0.33,0.36,0.082,0.209,85.7,3.7,2.8,3.58,0
P0043,21,0.307,0.375,0.098,0.292,92.3,13.0,2.09,4.78,1
P0044,26,0.356,0.38,0.071,0.277,90.5,-1.8,3.49,3.75,1
P0045,22,0.279,0.297,0.079,0.23,88.7,6.7,2.67,3.81,0
P0046,24,0.361,0.383,0.081,0.23,91.1,9.3,4.04,5.48,1
P0047,23,0.329,0.391,0.113,0.273,87.0,-3.8,3.8,2.16,1
P0048,30,0.285,0.373,0.11,0.147,85.9,0.0,1.85,3.34,0
P0049,26,0.34,0.388,0.061,0.248,91.9,3.0,3.36,4.2,0
P0050,28,0.298,0.484,0.089,0.207,85.8,-1.8,3.43,3.03,0
P0051,24,0.326,0.352,0.094,0.221,86.5,-2.6,0.7,4.69,0
P0052,20,0.32,0.429,0.084,0.163,84.3,3.8,1.71,1.31,1
P0053,28,0.301,0.488,0.091,0.298,92.4,-1.7,3.11,3.63,1
P0054,23,0.374,0.334,0.066,0.263,87.2,6.4,3.8,4.18,0
P0055,24,0.322,0.544,0.083,0.153,91.3,-3.2,4.76,4.94,0
P0056,20,0.318,0.292,0.111,0.198,90.0,-3.4,2.32,5.19,1
P0057,23,0.356,0.393,0.08,0.211,87.1,3.1,3.58,5.88,1
P0058,29,0.342,0.459,0.095,0.187,91.8,5.8,5.68,3.59,1
P0059,22,0.324,0.408,0.108,0.197,88.8,4.0,2.84,5.76,1
P0060,21,0.333,0.401,0.105,0.235,91.2,6.6,2.56,5.74,0
P0061,27,0.282,0.519,0.133,0.201,90.2,2.1,3.41,5.2,0
P0062,24,0.372,0.501,0.08,0.201,88.1,9.5,4.49,5.29,1
P0063,27,0.27,0.355,0.093,0.176,87.0,3.1,1.79,3.13,1
P0064,28,0.378,0.379,0.062,0.252,85.7,10.5,6.4,3.82,1
P0065,29,0.346,0.555,0.074,0.218,91.3,-2.0,5.96,5.02,1
P0066,24,0.311,0.463,0.121,0.237,88.9,2.1,2.2,3.06,0
P0067,25,0.3,0.447,0.07,0.201,86.1,4.7,2.63,4.57,1
P0068,20,0.262,0.504,0.153,0.145,92.7,1.0,2.19,6.1,1
P0069,21,0.27,0.394,0.096,0.17,88.5,-8.4,2.51,5.29,0
P0070,22,0.374,0.391,0.101,0.262,87.5,-1.5,3.04,4.86,1
P0071,29,0.351,0.415,0.069,0.224,90.2,0.7,4.12,5.58,1
P0072,23,0.352,0.483,0.076,0.265,93.6,8.2,4.39,5.32,1
P0073,29,0.345,0.467,0.067,0.166,86.8,7.1,4.9,3.84,1
P0074,26,0.271,0.369,0.068,0.198,83.4,12.8,1.46,2.44,0
P0075,25,0.349,0.511,0.101,0.192,90.7,5.7,4.27,3.72,1
P0076,28,0.294,0.406,0.071,0.175,89.1,-0.4,2.47,3.86,1
P0077,29,0.26,0.625,0.16,0.179,87.9,-7.5,4.41,4.61,0
P0078,26,0.302,0.391,0.101,0.206,90.7,-0.8,1.83,4.44,1
P0079,24,0.306,0.482,0.085,0.203,84.4,7.4,3.24,4.19,1
P0080,20,0.368,0.281,0.114,0.199,88.1,4.4,1.58,3.29,1
P0081,20,0.284,0.39,0.071,0.204,89.7,4.2,3.17,4.27,1
P0082,29,0.286,0.314,0.117,0.157,86.6,-5.1,1.63,2.23,0
P0083,28,0.317,0.345,0.122,0.286,91.7,10.2,1.88,2.57,1
P0084,24,0.359,0.471,0.083,0.217,89.0,7.3,3.08,4.92,1
P0085,30,0.246,0.307,0.088,0.2,84.8,4.9,0.7,1.29,0
P0086,28,0.324,0.49,0.03,0.189,87.8,3.1,3.34,4.76,1
P0087,23,0.359,0.472,0.122,0.27,87.7,-8.0,3.72,5.49,1
P0088,22,0.386,0.365,0.099,0.221,89.0,-7.9,2.91,5.71,1
P0089,30,0.34,0.458,0.111,0.173,90.2,7.3,3.57,5.04,1
P0090,20,0.353,0.377,0.069,0.112,90.1,0.2,3.46,7.28,1
P0091,23,0.315,0.466,0.11,0.31,94.7,5.2,2.74,4.96,1
P0092,23,0.316,0.437,0.121,0.272,95.1,5.7,4.06,5.53,1
P0093,29,0.325,0.475,0.098,0.213,92.1,-5.3,3.28,4.67,1
P0094,28,0.292,0.28,0.095,0.201,87.8,13.5,2.15,3.62,1
P0095,21,0.329,0.28,0.124,0.217,85.0,9.2,3.71,4.6,1
P0096,30,0.333,0.461,0.081,0.219,93.2,1.1,2.74,5.28,1
P0097,24,0.359,0.408,0.098,0.159,89.2,-3.7,3.36,6.44,1
P0098,26,0.388,0.343,0.072,0.207,91.0,2.1,4.39,4.94,1
P0099,27,0.337,0.53,0.081,0.131,87.7,-1.1,4.0,3.88,0
P0100,28,0.34,0.283,0.097,0.207,92.3,2.7,1.42,3.28,1
P0101,28,0.338,0.565,0.108,0.225,87.3,0.4,4.89,5.45,1
P0102,28,0.262,0.493,0.079,0.273,88.0,-0.5,2.4,4.16,1
P0103,22,0.342,0.389,0.089,0.149,88.2,4.6,2.48,6.14,1
P0104,20,0.326,0.536,0.065,0.28,88.4,-3.3,5.59,4.03,1
P0105,22,0.294,0.451,0.075,0.203,89.8,10.1,2.71,3.7,1
P0106,22,0.339,0.388,0.083,0.208,89.6,10.2,3.36,6.01,1
P0107,23,0.282,0.435,0.09,0.216,87.8,-5.9,2.36,4.72,0
P0108,21,0.354,0.288,0.09,0.186,88.2,6.6,2.4,4.59,1
P0109,23,0.304,0.451,0.08,0.216,87.8,-1.1,2.66,4.8,0
P0110,27,0.287,0.372,0.113,0.232,91.5,7.8,2.24,2.72,1
P0111,25,0.312,0.453,0.079,0.203,92.2,-5.6,4.64,3.33,0
P0112,21,0.321,0.393,0.075,0.145,89.0,7.1,1.85,5.2,1
P0113,24,0.282,0.389,0.109,0.181,88.1,0.3,2.12,3.72,0
P0114,23,0.254,0.439,0.074,0.267,85.5,4.7,1.79,2.25,1
P0115,28,0.37,0.496,0.067,0.154,83.9,9.0,3.74,5.68,1
P0116,22,0.28,0.419,0.053,0.236,89.6,2.7,2.43,4.16,1
P0117,20,0.302,0.463,0.068,0.292,88.5,8.9,4.2,3.97,0
P0118,29,0.313,0.28,0.078,0.216,85.6,1.3,1.63,1.94,1
P0119,28,0.279,0.3,0.117,0.229,87.4,0.9,0.96,3.29,0
P0120,28,0.31,0.536,0.142,0.205,89.0,-5.5,3.78,5.21,1
P0121,25,0.339,0.359,0.157,0.25,89.4,5.1,2.62,3.53,0
P0122,26,0.402,0.302,0.099,0.235,94.3,8.2,2.64,4.92,1
P0123,29,0.376,0.365,0.057,0.204,88.9,-1.7,2.24,2.18,1
P0124,22,0.36,0.355,0.041,0.207,85.7,8.2,3.67,3.42,0
P0125,29,0.284,0.526,0.137,0.316,85.2,-0.5,3.26,1.34,1
P0126,26,0.359,0.518,0.045,0.293,89.8,13.4,3.96,5.27,0
P0127,30,0.308,0.403,0.06,0.204,88.1,6.1,2.67,2.88,0
P0128,25,0.392,0.381,0.063,0.179,82.4,-3.7,4.02,2.79,1
P0129,28,0.296,0.384,0.111,0.255,92.7,-1.1,2.42,4.75,0
P0130,25,0.283,0.517,0.093,0.288,89.6,8.7,3.5,4.38,1
P0131,22,0.335,0.336,0.041,0.216,91.5,-2.9,3.15,3.92,0
P0132,29,0.368,0.308,0.08,0.15,86.9,5.7,3.64,2.85,0
P0133,25,0.294,0.316,0.077,0.211,88.9,-1.3,2.37,-0.21,0
P0134,26,0.285,0.395,0.105,0.225,94.3,5.1,2.36,3.9,0
P0135,25,0.335,0.498,0.091,0.241,92.5,-7.7,3.78,4.78,1
P0136,23,0.282,0.305,0.043,0.244,93.2,0.7,1.08,3.55,0
P0137,22,0.313,0.496,0.085,0.124,93.7,-2.7,4.69,4.7,1
P0138,20,0.286,0.382,0.111,0.249,91.9,-1.4,0.94,2.6,1
P0139,22,0.297,0.398,0.089,0.254,89.2,-4.2,2.36,2.53,1
P0140,23,0.337,0.429,0.087,0.26,86.7,2.4,3.58,6.39,1
P0141,29,0.346,0.416,0.094,0.19,89.8,-0.3,2.8,6.23,1
P0142,21,0.341,0.28,0.07,0.22,99.0,-11.0,2.9,5.44,1
P0143,23,0.284,0.59,0.105,0.265,87.4,-7.0,4.7,3.82,1
P0144,22,0.327,0.4,0.082,0.27,88.8,-1.8,3.1,2.21,0
P0145,29,0.334,0.37,0.049,0.312,89.7,20.5,4.18,3.87,1
P0146,22,0.284,0.356,0.109,0.199,91.7,7.7,2.76,2.78,0
P0147,26,0.309,0.436,0.11,0.137,87.0,4.8,3.36,3.08,1
P0148,22,0.346,0.428,0.051,0.242,88.9,3.7,4.84,3.1,1
P0149,24,0.361,0.384,0.083,0.251,96.1,-3.0,3.07,4.79,1
P0150,24,0.367,0.36,0.098,0.191,93.1,-1.9,3.88,4.14,1
P0151,25,0.29,0.543,0.082,0.326,89.8,-7.3,2.69,4.38,1
P0152,23,0.297,0.379,0.115,0.252,85.4,1.1,1.0,2.59,1
P0153,24,0.322,0.454,0.134,0.306,90.3,6.7,3.73,3.85,1
P0154,28,0.305,0.406,0.086,0.233,93.4,4.1,1.92,2.6,1
P0155,29,0.284,0.364,0.096,0.228,88.8,12.8,3.27,2.47,1
P0156,26,0.318,0.376,0.095,0.172,88.3,17.4,3.77,5.14,0
P0157,24,0.326,0.521,0.075,0.267,90.0,-8.2,3.95,5.46,0
P0158,23,0.361,0.305,0.102,0.253,93.6,3.2,2.4,4.1,0
P0159,24,0.325,0.412,0.069,0.12,91.4,7.5,1.55,4.65,1
P0160,26,0.284,0.337,0.075,0.17,85.5,-1.2,1.05,0.74,0
P0161,26,0.365,0.501,0.061,0.124,87.8,0.3,4.61,6.16,1
P0162,21,0.298,0.486,0.085,0.223,86.9,-1.2,5.63,3.6,0
P0163,22,0.359,0.425,0.122,0.169,85.3,3.4,3.13,3.94,0
P0164,30,0.323,0.461,0.059,0.287,86.9,2.7,3.3,3.65,1
P0165,25,0.303,0.313,0.051,0.212,87.3,-2.2,1.37,2.42,0
P0166,28,0.392,0.494,0.083,0.197,89.8,0.8,4.9,5.29,0
P0167,24,0.31,0.492,0.095,0.325,87.2,3.0,2.59,4.73,1
P0168,26,0.245,0.476,0.099,0.151,87.4,4.3,0.7,3.99,0
P0169,27,0.292,0.325,0.035,0.216,88.9,-0.8,1.26,2.61,0
P0170,26,0.302,0.519,0.119,0.237,91.2,-8.8,3.32,2.13,0
P0171,29,0.356,0.408,0.111,0.202,87.8,12.0,2.21,6.23,0
P0172,20,0.313,0.28,0.056,0.228,85.1,-0.7,2.36,3.28,0
P0173,25,0.301,0.489,0.08,0.257,86.7,2.2,4.36,2.06,1
P0174,23,0.297,0.463,0.113,0.189,90.1,1.6,2.82,2.53,1
P0175,29,0.276,0.311,0.128,0.199,92.0,2.2,2.61,2.43,1
P0176,21,0.319,0.573,0.091,0.188,86.5,-8.5,4.21,5.25,1
P0177,26,0.339,0.475,0.093,0.221,92.9,-1.4,5.03,4.22,1
P0178,27,0.341,0.48,0.1,0.267,94.2,-7.8,3.62,3.48,0
P0179,22,0.322,0.435,0.107,0.25,92.0,12.0,3.74,5.42,1
P0180,26,0.265,0.492,0.113,0.28,88.5,-9.4,2.38,3.86,0
P0181,28,0.305,0.28,0.095,0.266,86.1,2.2,2.69,2.34,0
P0182,29,0.337,0.399,0.038,0.277,87.2,15.5,4.17,4.05,1
P0183,23,0.334,0.41,0.088,0.177,87.2,-2.9,3.02,3.56,1
P0184,29,0.373,0.449,0.043,0.215,86.0,19.9,2.2,5.14,1
P0185,20,0.369,0.538,0.034,0.236,87.7,5.3,4.16,6.16,1
P0186,30,0.36,0.387,0.144,0.205,86.4,3.3,3.83,3.13,1
P0187,30,0.387,0.45,0.109,0.164,88.8,-2.4,4.54,4.69,1
P0188,22,0.356,0.345,0.124,0.292,90.6,14.8,4.09,5.85,0
P0189,23,0.334,0.386,0.077,0.246,84.1,1.8,4.27,4.05,0
P0190,22,0.377,0.481,0.124,0.258,87.2,-3.1,3.75,4.91,1
P0191,26,0.305,0.433,0.101,0.216,86.9,5.0,2.0,2.39,1
P0192,27,0.356,0.336,0.088,0.176,89.5,-5.4,3.51,4.65,0
P0193,25,0.26,0.355,0.09,0.206,92.1,-2.5,0.7,0.65,0
P0194,27,0.322,0.402,0.03,0.307,90.7,-5.5,3.12,1.79,0
P0195,20,0.359,0.344,0.103,0.247,89.9,-11.1,3.28,5.36,1
P0196,27,0.389,0.393,0.082,0.323,90.7,-4.2,4.88,3.15,0
P0197,23,0.256,0.338,0.08,0.211,86.1,5.5,2.58,1.54,0
P0198,27,0.282,0.341,0.091,0.239,89.7,-2.9,2.29,0.72,0
P0199,28,0.317,0.392,0.1,0.216,89.6,10.1,4.36,5.15,1
P0200,22,0.279,0.414,0.067,0.178,86.0,1.7,2.68,5.28,1
P0201,25,0.309,0.523,0.094,0.272,89.7,2.4,3.04,3.77,1
P0202,28,0.326,0.369,0.068,0.188,90.5,14.9,2.66,5.08,0
P0203,20,0.376,0.503,0.09,0.137,95.0,-0.5,3.8,6.18,1
P0204,21,0.294,0.28,0.099,0.116,88.1,1.8,2.23,5.03,1
P0205,29,0.346,0.428,0.106,0.348,89.8,1.9,3.64,4.11,1
P0206,25,0.271,0.289,0.043,0.331,88.3,-3.7,0.7,1.69,0
P0207,20,0.365,0.379,0.109,0.317,88.2,5.5,3.07,3.23,1
P0208,24,0.341,0.455,0.084,0.254,85.9,3.1,2.96,5.75,0
P0209,23,0.345,0.423,0.079,0.242,87.5,9.7,2.97,4.92,1
P0210,26,0.313,0.391,0.109,0.266,84.5,1.4,2.57,2.27,0
P0211,25,0.367,0.486,0.095,0.253,86.5,1.4,4.7,3.99,1
P0212,21,0.35,0.301,0.113,0.281,93.9,4.7,2.93,4.88,1
P0213,22,0.265,0.41,0.072,0.168,90.8,6.5,2.13,3.18,1
P0214,27,0.372,0.495,0.068,0.184,87.9,-10.6,5.73,4.8,1
P0215,21,0.397,0.368,0.088,0.201,91.4,8.9,2.95,5.19,1
P0216,20,0.344,0.4,0.065,0.143,85.7,-3.4,2.59,5.92,1
P0217,23,0.319,0.503,0.098,0.168,88.9,-2.7,3.03,3.65,1
P0218,29,0.335,0.365,0.11,0.303,95.2,9.5,2.29,4.29,1
P0219,23,0.405,0.51,0.068,0.303,85.3,8.8,5.04,5.73,1
P0220,27,0.316,0.424,0.081,0.233,90.3,4.4,3.35,6.01,1
P0221,25,0.275,0.39,0.122,0.149,88.1,-5.1,2.44,2.47,0
P0222,29,0.377,0.36,0.087,0.202,89.4,8.3,3.89,4.1,1
P0223,20,0.348,0.465,0.082,0.149,88.6,5.0,2.65,6.17,1
P0224,28,0.325,0.535,0.116,0.273,84.3,7.9,3.7,3.89,1
P0225,30,0.344,0.28,0.074,0.111,94.8,3.7,2.74,4.42,1
P0226,29,0.305,0.604,0.115,0.126,87.4,10.0,5.85,7.5,1
P0227,22,0.378,0.396,0.061,0.297,88.3,-0.4,3.37,4.68,1
P0228,29,0.342,0.413,0.037,0.227,90.7,12.9,3.9,3.62,1
P0229,23,0.307,0.363,0.08,0.199,90.9,-0.6,3.47,4.09,1
P0230,22,0.263,0.335,0.103,0.297,84.0,-4.3,1.39,1.58,0
P0231,30,0.275,0.465,0.136,0.18,86.6,-2.1,0.7,4.1,0
P0232,21,0.287,0.299,0.091,0.226,88.5,3.9,0.7,2.87,0
P0233,30,0.343,0.441,0.071,0.277,81.7,-2.0,3.16,1.3,0
P0234,22,0.329,0.365,0.088,0.273,89.3,19.7,2.2,5.28,1
P0235,25,0.306,0.413,0.082,0.226,88.9,-1.1,2.94,3.72,1
P0236,23,0.332,0.376,0.083,0.286,90.8,10.0,2.35,3.03,0
P0237,20,0.359,0.47,0.077,0.297,89.6,-5.7,4.52,3.27,1
P0238,22,0.328,0.513,0.081,0.294,89.5,-11.5,3.94,3.51,1
P0239,24,0.368,0.441,0.058,0.227,89.8,4.0,3.93,5.3,1
P0240,21,0.29,0.35,0.097,0.134,84.7,-6.6,1.49,3.84,0
P0241,27,0.319,0.414,0.099,0.254,84.9,5.8,2.71,2.8,1
P0242,21,0.355,0.325,0.071,0.196,85.2,-5.8,3.35,2.79,1
P0243,22,0.312,0.28,0.086,0.275,82.0,5.3,1.92,2.84,1
P0244,21,0.32,0.429,0.08,0.146,91.3,2.8,2.96,4.56,1
P0245,20,0.245,0.447,0.066,0.184,82.2,-8.1,2.43,0.81,0
P0246,21,0.342,0.356,0.056,0.173,89.6,7.3,3.59,4.07,1
P0247,26,0.343,0.42,0.077,0.155,83.9,1.2,2.97,4.71,0
P0248,26,0.303,0.417,0.077,0.142,91.3,14.3,3.82,4.0,1
P0249,25,0.308,0.361,0.118,0.214,89.1,5.7,2.45,3.56,0
P0250,29,0.33,0.356,0.094,0.206,89.1,6.4,3.7,4.69,1
P0251,29,0.36,0.418,0.124,0.158,92.8,-6.4,2.99,5.16,1
P0252,28,0.247,0.461,0.068,0.137,89.7,6.9,2.72,4.87,0
P0253,27,0.24,0.497,0.091,0.237,85.0,2.7,2.33,4.25,1
P0254,20,0.348,0.447,0.078,0.209,93.1,-0.8,2.8,5.38,0
P0255,30,0.379,0.472,0.1,0.211,88.1,9.4,5.02,5.71,1
P0256,21,0.327,0.322,0.08,0.241,93.8,3.8,4.18,3.4,1
P0257,20,0.311,0.325,0.109,0.195,86.8,8.0,1.72,4.33,1
P0258,25,0.319,0.467,0.05,0.171,88.2,6.0,3.15,4.61,1
P0259,24,0.325,0.335,0.094,0.188,91.0,6.4,2.91,4.17,0
P0260,21,0.329,0.374,0.101,0.277,91.4,8.9,2.88,4.36,1
P0261,25,0.381,0.44,0.111,0.268,92.6,1.4,4.88,4.55,1
P0262,23,0.271,0.48,0.111,0.153,91.6,-1.8,2.81,4.58,1
P0263,23,0.351,0.483,0.112,0.237,93.8,7.5,3.97,5.57,1
P0264,30,0.334,0.393,0.067,0.138,93.7,-0.8,3.54,3.41,1
P0265,24,0.343,0.453,0.086,0.218,92.0,5.3,4.26,3.92,1
P0266,24,0.249,0.562,0.103,0.123,90.5,9.0,3.76,3.72,1
P0267,30,0.355,0.446,0.064,0.211,90.5,-5.7,3.92,5.43,1
P0268,24,0.244,0.494,0.145,0.161,91.4,8.7,2.64,5.63,1
P0269,24,0.283,0.349,0.119,0.169,84.1,-6.4,0.7,3.8,1
P0270,27,0.297,0.343,0.103,0.222,86.9,2.6,1.11,4.77,1
P0271,24,0.308,0.522,0.066,0.165,85.0,0.6,2.58,4.53,1
P0272,28,0.328,0.457,0.064,0.262,87.8,-6.8,2.39,2.87,1
P0273,25,0.293,0.481,0.035,0.148,88.3,-3.6,2.95,4.04,1
P0274,21,0.349,0.301,0.092,0.201,92.1,-9.1,2.42,3.73,1
P0275,22,0.339,0.28,0.136,0.1,89.3,7.1,1.98,2.36,0
P0276,29,0.352,0.422,0.055,0.196,87.2,-5.7,5.57,2.85,0
P0277,26,0.336,0.391,0.117,0.266,86.7,-10.0,3.4,1.37,1
P0278,22,0.312,0.402,0.07,0.246,90.7,-2.9,1.56,2.68,1
P0279,22,0.369,0.38,0.139,0.219,88.9,2.3,5.77,5.46,0
P0280,30,0.316,0.494,0.095,0.127,86.4,-0.2,4.42,5.35,1
P0281,23,0.313,0.453,0.057,0.228,90.9,0.4,2.95,1.23,1
P0282,21,0.341,0.546,0.069,0.225,87.9,11.3,5.25,6.16,1
P0283,23,0.362,0.356,0.131,0.228,92.3,0.8,3.02,5.71,1
P0284,29,0.354,0.397,0.117,0.238,88.6,-6.6,4.13,4.99,1
P0285,20,0.314,0.411,0.092,0.176,89.0,-9.0,2.64,3.77,1
P0286,25,0.355,0.391,0.127,0.241,90.3,3.9,3.92,4.12,1
P0287,27,0.336,0.62,0.09,0.262,93.6,8.1,4.89,6.52,1
P0288,29,0.262,0.492,0.081,0.207,84.0,-3.4,2.95,1.36,0
P0289,22,0.325,0.457,0.089,0.2,84.2,0.9,3.19,3.61,0
P0290,22,0.318,0.382,0.037,0.148,87.8,-4.7,3.29,3.15,1
P0291,21,0.307,0.356,0.073,0.268,92.8,-5.4,1.25,3.05,1
P0292,26,0.308,0.28,0.087,0.215,89.0,-8.6,0.7,1.6,0
P0293,27,0.302,0.304,0.091,0.238,89.5,-1.8,1.1,3.3,0
P0294,21,0.306,0.524,0.06,0.217,88.7,-1.5,4.04,5.63,1
P0295,25,0.325,0.39,0.136,0.269,84.8,1.3,2.85,1.82,1
P0296,21,0.364,0.445,0.069,0.237,91.1,7.7,3.22,4.6,1
P0297,23,0.299,0.481,0.058,0.185,88.4,6.2,3.15,2.63,1
P0298,29,0.397,0.28,0.105,0.234,90.5,-2.9,2.29,3.94,1
P0299,26,0.29,0.444,0.077,0.275,86.9,-2.4,4.32,2.52,1
P0300,29,0.382,0.499,0.09,0.174,86.7,22.0,5.1,6.36,1
P0301,23,0.302,0.33,0.094,0.223,92.5,-8.1,1.99,2.82,0
P0302,24,0.322,0.377,0.091,0.243,87.7,0.2,1.55,2.04,1
P0303,28,0.308,0.309,0.035,0.21,90.9,7.8,1.2,5.53,1
P0304,29,0.388,0.281,0.097,0.131,91.7,-5.3,2.13,4.98,1
P0305,26,0.312,0.42,0.076,0.206,84.7,-4.4,4.53,1.12,0
P0306,25,0.338,0.393,0.094,0.203,92.4,4.5,4.1,6.34,0
P0307,22,0.279,0.491,0.122,0.126,89.2,1.5,3.29,4.48,1
P0308,27,0.314,0.49,0.085,0.215,82.1,5.7,2.14,4.4,0
P0309,23,0.287,0.408,0.103,0.276,88.0,-1.9,3.28,4.11,0
P0310,26,0.323,0.499,0.121,0.219,86.9,7.8,2.91,5.35,0
P0311,29,0.254,0.466,0.124,0.165,94.1,8.8,2.13,5.8,1
P0312,28,0.262,0.54,0.124,0.276,92.5,8.0,2.95,4.65,0
P0313,26,0.375,0.522,0.064,0.216,94.8,16.4,4.64,5.4,1
P0314,25,0.317,0.378,0.097,0.231,92.7,4.2,3.42,4.74,0
P0315,28,0.291,0.558,0.111,0.246,92.4,8.9,3.37,5.14,1
P0316,26,0.36,0.483,0.03,0.158,86.7,-8.5,5.31,4.08,1
P0317,30,0.299,0.369,0.075,0.163,86.4,-10.5,2.78,0.08,0
P0318,22,0.35,0.295,0.04,0.233,81.1,5.5,2.87,2.42,0
P0319,29,0.318,0.446,0.144,0.228,89.4,1.3,3.74,5.12,1
P0320,23,0.286,0.436,0.102,0.217,88.8,9.1,2.28,3.91,0
P0321,24,0.326,0.34,0.044,0.273,88.1,-0.1,1.71,4.74,1
P0322,22,0.291,0.442,0.091,0.224,86.8,5.3,1.44,3.01,1
P0323,20,0.278,0.583,0.107,0.235,93.8,6.9,3.67,4.05,0
P0324,21,0.24,0.486,0.091,0.154,90.6,-0.8,2.14,2.3,0
P0325,28,0.402,0.292,0.082,0.233,87.3,14.1,3.17,5.17,0
P0326,28,0.263,0.404,0.082,0.249,90.8,8.0,2.12,3.39,0
P0327,20,0.288,0.399,0.105,0.185,89.6,-1.6,2.09,2.6,1
P0328,23,0.252,0.388,0.069,0.301,87.6,7.1,2.25,0.47,0
P0329,21,0.258,0.397,0.096,0.163,90.4,-3.5,2.05,2.86,0
P0330,25,0.356,0.397,0.146,0.265,89.8,11.5,3.0,7.04,1
P0331,26,0.381,0.479,0.05,0.231,86.5,4.4,4.41,5.07,1
P0332,29,0.284,0.369,0.092,0.172,88.6,-0.6,2.68,2.87,0
P0333,23,0.321,0.409,0.14,0.256,88.9,-4.2,2.06,4.9,1
P0334,24,0.342,0.362,0.089,0.252,93.8,-2.6,3.58,5.81,1
P0335,29,0.335,0.339,0.057,0.244,88.7,-0.2,2.3,3.68,1
P0336,29,0.341,0.327,0.099,0.28,92.1,-0.0,2.8,2.74,1
P0337,29,0.366,0.389,0.093,0.233,90.3,8.4,4.47,4.3,1
P0338,21,0.266,0.423,0.047,0.239,93.6,-6.7,1.19,2.73,1
P0339,20,0.344,0.407,0.063,0.244,89.3,-1.7,3.48,5.23,1
P0340,26,0.368,0.564,0.053,0.251,97.5,-9.8,7.36,5.33,1
P0341,27,0.359,0.465,0.077,0.271,85.0,-4.4,3.48,3.18,1
P0342,28,0.327,0.364,0.143,0.243,88.3,3.7,3.78,3.74,0
P0343,22,0.342,0.58,0.125,0.187,90.4,5.1,4.1,3.78,1
P0344,24,0.342,0.515,0.062,0.224,91.4,-9.4,4.62,5.75,1
P0345,20,0.373,0.338,0.084,0.18,87.5,-10.3,4.13,5.13,0
P0346,21,0.318,0.52,0.03,0.257,89.7,4.3,2.91,3.04,1
P0347,29,0.32,0.339,0.085,0.178,91.0,-3.9,2.46,1.06,1
P0348,20,0.261,0.418,0.075,0.236,93.7,5.1,2.35,3.87,1
P0349,22,0.325,0.443,0.092,0.154,91.5,7.2,2.29,4.95,1
P0350,21,0.31,0.463,0.122,0.254,93.3,-2.4,2.57,5.73,1
P0351,22,0.368,0.381,0.086,0.226,90.4,-3.8,3.39,4.36,1
P0352,30,0.3,0.455,0.094,0.198,86.1,0.2,2.62,2.76,1
P0353,28,0.341,0.441,0.087,0.152,87.6,-4.8,3.31,3.44,0
P0354,23,0.334,0.398,0.09,0.202,90.9,-1.0,1.95,4.0,0
P0355,29,0.313,0.439,0.137,0.231,89.0,-4.1,2.58,5.36,1
P0356,23,0.359,0.441,0.099,0.261,89.0,3.7,3.16,3.99,1
P0357,23,0.327,0.433,0.091,0.216,89.7,3.6,3.59,3.76,1
P0358,20,0.345,0.365,0.087,0.247,89.5,2.2,4.08,2.49,1
P0359,27,0.319,0.337,0.075,0.208,89.5,4.8,1.74,4.33,0
P0360,25,0.314,0.411,0.09,0.218,89.8,-4.5,3.65,4.57,0
P0361,21,0.263,0.488,0.081,0.156,90.5,14.1,1.3,5.02,1
P0362,24,0.337,0.472,0.106,0.278,84.0,12.9,3.06,5.15,1
P0363,20,0.318,0.573,0.09,0.259,90.0,0.8,4.0,5.09,1
P0364,28,0.258,0.584,0.069,0.212,87.0,5.5,3.56,3.99,0
P0365,25,0.313,0.339,0.108,0.263,85.2,9.1,2.75,2.08,0
P0366,27,0.306,0.335,0.037,0.209,89.0,-0.2,2.18,1.72,0
P0367,23,0.355,0.343,0.104,0.285,91.9,0.1,3.16,3.39,1
P0368,27,0.31,0.453,0.081,0.188,82.1,6.3,4.43,3.16,0
P0369,27,0.333,0.356,0.071,0.141,88.4,9.5,3.08,2.53,0
P0370,23,0.314,0.477,0.116,0.254,89.4,-4.7,4.0,5.56,0
P0371,26,0.282,0.325,0.113,0.225,82.3,0.2,2.28,1.03,1
P0372,27,0.326,0.394,0.088,0.239,86.5,-2.5,4.44,5.54,1
P0373,26,0.311,0.373,0.084,0.249,87.8,15.3,1.72,3.5,0
P0374,23,0.28,0.363,0.064,0.18,87.4,-6.8,1.52,3.14,0
P0375,24,0.292,0.488,0.111,0.256,91.6,4.6,3.49,4.24,1
P0376,27,0.283,0.452,0.037,0.28,88.8,4.5,2.27,4.12,0
P0377,27,0.311,0.34,0.076,0.231,90.5,8.7,0.7,4.74,0
P0378,20,0.342,0.346,0.031,0.235,90.7,6.3,3.41,6.23,1
P0379,25,0.416,0.49,0.087,0.266,90.3,-2.4,5.03,6.43,1
P0380,22,0.332,0.423,0.073,0.168,92.9,5.3,2.9,4.88,1
P0381,21,0.335,0.422,0.129,0.276,94.8,-9.3,2.11,4.31,1
P0382,22,0.345,0.404,0.095,0.171,91.6,8.2,3.39,3.97,1
P0383,30,0.284,0.366,0.098,0.293,89.5,4.4,1.09,1.01,0
P0384,25,0.281,0.622,0.11,0.212,87.6,1.0,4.25,4.42,1
P0385,25,0.355,0.456,0.061,0.207,86.0,11.1,4.9,4.87,1
P0386,22,0.343,0.372,0.118,0.212,87.0,-3.7,1.73,3.23,1
P0387,22,0.358,0.472,0.123,0.217,88.0,-1.1,2.77,4.89,1
P0388,27,0.33,0.437,0.096,0.297,92.4,9.8,3.21,7.44,1
P0389,27,0.268,0.42,0.113,0.225,88.0,-11.1,1.59,1.68,0
P0390,26,0.328,0.408,0.092,0.187,89.4,-8.2,3.59,3.37,1
P0391,26,0.253,0.379,0.03,0.306,92.5,2.3,1.25,1.18,0
P0392,23,0.343,0.389,0.125,0.221,91.2,0.8,2.38,3.88,1
P0393,25,0.335,0.298,0.109,0.211,89.3,-8.6,1.39,3.33,1
P0394,23,0.296,0.545,0.059,0.269,89.5,9.4,3.95,4.78,0
P0395,21,0.295,0.575,0.087,0.252,91.4,8.7,6.07,4.39,1
P0396,24,0.293,0.507,0.091,0.211,86.5,5.5,3.26,2.81,1
P0397,29,0.294,0.35,0.058,0.23,89.7,5.9,1.88,2.39,0
P0398,28,0.337,0.375,0.122,0.301,86.8,18.1,1.72,3.71,1
P0399,27,0.343,0.525,0.074,0.243,89.1,-1.0,3.59,4.9,0
P0400,23,0.299,0.478,0.124,0.206,87.2,4.8,3.86,4.84,1
P0401,22,0.33,0.451,0.101,0.228,92.9,-1.8,3.09,5.13,0
P0402,24,0.375,0.343,0.123,0.258,90.1,-1.1,3.53,4.97,1
P0403,22,0.311,0.347,0.079,0.219,88.0,-0.6,2.75,2.11,0
P0404,20,0.334,0.508,0.123,0.2,85.7,7.7,3.55,4.53,1
P0405,23,0.292,0.428,0.097,0.279,89.2,-9.2,2.29,5.45,1
P0406,25,0.255,0.355,0.112,0.187,91.7,14.8,0.7,2.87,1
P0407,21,0.311,0.28,0.09,0.258,89.2,-1.1,2.85,3.7,1
P0408,30,0.3,0.527,0.079,0.1,82.8,8.5,3.66,3.72,1
P0409,24,0.369,0.391,0.119,0.175,87.9,12.3,3.26,5.92,1
P0410,24,0.297,0.33,0.102,0.206,88.0,9.5,2.48,4.82,1
P0411,25,0.321,0.416,0.071,0.195,89.8,6.8,3.02,4.04,1
P0412,28,0.321,0.328,0.086,0.235,89.6,-5.1,1.45,2.51,1
P0413,20,0.315,0.455,0.113,0.313,90.5,0.4,3.33,5.45,1
P0414,24,0.397,0.332,0.093,0.254,89.8,6.7,4.63,4.16,1
P0415,30,0.325,0.401,0.082,0.205,91.5,-6.1,1.4,3.7,1
P0416,27,0.287,0.28,0.106,0.224,85.2,1.4,1.59,0.83,0
P0417,25,0.288,0.384,0.047,0.161,89.1,-1.4,1.37,4.25,0
P0418,20,0.299,0.34,0.07,0.243,86.9,13.2,1.29,3.83,1
P0419,28,0.289,0.394,0.062,0.168,88.8,6.9,1.96,3.15,1
P0420,23,0.328,0.487,0.067,0.213,88.1,-0.8,2.67,4.43,1
P0421,25,0.301,0.48,0.085,0.209,90.4,-6.9,3.17,3.91,1
P0422,23,0.3,0.444,0.124,0.149,90.9,2.9,2.82,4.97,1
P0423,27,0.283,0.507,0.077,0.234,83.9,-4.2,3.0,1.32,0
P0424,28,0.348,0.369,0.064,0.217,89.2,1.4,2.73,5.36,0
P0425,29,0.321,0.351,0.066,0.327,82.6,-6.8,2.6,2.3,1
P0426,26,0.302,0.5,0.075,0.149,86.2,-1.9,3.46,4.69,1
P0427,21,0.35,0.42,0.077,0.305,90.4,-6.0,3.84,4.55,1
P0428,24,0.346,0.298,0.109,0.25,90.8,3.5,2.51,4.67,1
P0429,26,0.367,0.293,0.053,0.145,89.4,2.7,2.94,2.02,0
P0430,23,0.292,0.4,0.076,0.205,87.2,-12.0,1.75,0.6,0
P0431,20,0.375,0.552,0.093,0.1,86.9,14.0,4.08,3.76,1
P0432,20,0.35,0.416,0.12,0.277,91.3,-5.9,4.88,4.78,1
P0433,26,0.331,0.357,0.142,0.132,88.8,-2.6,1.82,4.85,0
P0434,24,0.353,0.465,0.078,0.203,85.2,-8.2,3.36,5.23,1
P0435,30,0.35,0.463,0.099,0.242,81.0,11.6,4.78,2.84,0
P0436,22,0.292,0.55,0.081,0.259,88.4,-5.8,2.75,3.04,1
P0437,29,0.278,0.3,0.052,0.2,89.9,7.0,2.12,3.33,0
P0438,23,0.262,0.56,0.116,0.24,81.6,6.9,3.36,0.67,0
P0439,26,0.293,0.421,0.095,0.176,93.7,-1.3,3.52,4.07,1
P0440,27,0.293,0.461,0.066,0.278,90.9,8.3,2.16,1.37,1
P0441,20,0.346,0.579,0.069,0.247,92.1,-13.1,5.18,3.71,1
P0442,20,0.308,0.472,0.06,0.161,87.0,-1.2,3.75,3.56,1
P0443,21,0.296,0.426,0.087,0.187,89.4,-10.3,3.25,2.82,1
P0444,30,0.345,0.45,0.126,0.207,90.8,-4.2,3.88,4.67,1
P0445,23,0.338,0.389,0.106,0.311,85.9,13.9,2.8,2.98,1
P0446,26,0.338,0.346,0.075,0.263,88.0,10.5,2.25,2.57,1
P0447,24,0.374,0.314,0.066,0.137,84.0,4.3,2.63,4.08,0
P0448,24,0.313,0.317,0.083,0.303,90.0,4.0,2.25,1.91,0
P0449,28,0.315,0.365,0.081,0.187,90.3,15.2,2.68,4.23,0
P0450,28,0.392,0.288,0.067,0.237,95.7,10.3,3.2,3.1,1
P0451,25,0.371,0.367,0.035,0.213,87.5,-1.9,3.5,5.62,1
P0452,29,0.262,0.563,0.08,0.24,86.8,6.3,3.94,3.98,0
P0453,26,0.322,0.445,0.109,0.207,90.8,10.8,3.02,5.3,1
P0454,22,0.336,0.28,0.132,0.18,84.4,0.3,3.34,2.56,1
P0455,24,0.399,0.396,0.079,0.22,86.2,4.6,4.97,4.65,1
P0456,24,0.325,0.431,0.089,0.222,90.4,5.8,2.5,6.03,0
P0457,28,0.344,0.444,0.109,0.276,90.2,7.6,2.08,4.39,1
P0458,28,0.243,0.464,0.076,0.176,94.5,-0.4,1.91,3.29,0
P0459,22,0.327,0.313,0.11,0.173,85.8,-0.7,2.16,2.42,1
P0460,26,0.295,0.443,0.051,0.273,85.8,-8.7,3.18,3.03,0
P0461,21,0.392,0.46,0.059,0.214,89.9,5.9,4.54,6.12,0
P0462,21,0.277,0.428,0.068,0.126,85.5,-10.4,3.11,2.93,0
P0463,28,0.325,0.416,0.092,0.172,82.6,2.5,2.72,3.45,0
P0464,29,0.249,0.395,0.082,0.142,87.2,5.1,0.88,2.67,0
P0465,25,0.351,0.384,0.098,0.165,91.6,0.8,3.72,6.99,1
P0466,24,0.291,0.437,0.089,0.154,91.8,-4.8,2.3,3.09,1
P0467,20,0.345,0.41,0.115,0.299,86.8,6.7,2.68,6.47,1
P0468,27,0.356,0.361,0.125,0.18,86.1,10.1,4.46,4.19,1
P0469,30,0.292,0.355,0.107,0.17,89.3,0.5,1.12,3.58,1
P0470,24,0.372,0.28,0.08,0.338,83.4,8.0,2.63,2.97,0
P0471,28,0.378,0.472,0.106,0.198,86.2,-4.4,4.12,6.01,0
P0472,29,0.346,0.503,0.11,0.239,92.4,3.9,4.34,5.39,1
P0473,29,0.285,0.379,0.091,0.197,88.3,5.5,1.43,4.2,0
P0474,24,0.328,0.532,0.087,0.178,83.8,0.3,5.15,6.14,1
P0475,22,0.307,0.497,0.102,0.248,85.9,5.4,1.82,5.47,0
P0476,28,0.317,0.416,0.097,0.307,87.5,-9.2,3.46,1.34,1
P0477,28,0.326,0.347,0.047,0.192,87.9,13.2,2.32,4.63,1
P0478,25,0.316,0.393,0.055,0.174,88.8,-1.1,3.5,3.5,1
P0479,28,0.334,0.286,0.044,0.257,86.3,3.0,1.94,2.29,1
P0480,28,0.307,0.425,0.107,0.296,89.4,-14.2,2.65,2.32,0
P0481,26,0.375,0.44,0.108,0.204,90.4,-2.8,4.83,3.25,0
P0482,22,0.24,0.409,0.075,0.241,85.7,-1.2,2.07,2.86,0
P0483,30,0.302,0.51,0.107,0.207,89.6,1.0,2.54,5.78,1
P0484,20,0.331,0.342,0.094,0.163,93.2,-3.3,3.59,5.21,1
P0485,30,0.28,0.291,0.103,0.16,89.9,3.3,0.8,1.46,0
P0486,24,0.311,0.432,0.103,0.24,87.0,-1.3,4.41,3.41,1
P0487,27,0.316,0.297,0.087,0.252,89.8,-2.4,2.73,4.21,1
P0488,22,0.273,0.522,0.106,0.261,85.8,-0.1,3.29,4.12,0
P0489,22,0.303,0.397,0.086,0.218,87.8,1.1,2.94,2.69,1
P0490,28,0.324,0.457,0.101,0.16,89.0,9.5,3.53,3.41,1
P0491,22,0.261,0.425,0.11,0.215,87.7,-6.6,1.22,1.98,0
P0492,24,0.323,0.42,0.082,0.257,85.8,5.0,2.56,2.64,1
P0493,29,0.373,0.351,0.088,0.203,92.3,12.1,3.34,4.56,1
P0494,21,0.325,0.321,0.081,0.2,84.2,9.7,2.26,3.25,1
P0495,27,0.378,0.407,0.074,0.258,93.4,0.0,4.55,4.78,1
P0496,30,0.365,0.397,0.093,0.177,92.5,3.8,3.68,4.92,1
P0497,30,0.317,0.473,0.045,0.188,89.5,7.9,2.25,5.2,1
P0498,26,0.343,0.425,0.039,0.175,89.6,-7.6,2.37,4.33,1
P0499,30,0.361,0.65,0.135,0.267,88.6,7.7,5.76,4.36,1
P0500,24,0.304,0.486,0.066,0.184,91.5,-3.6,4.08,5.61,1
P0501,29,0.398,0.302,0.109,0.208,90.3,-2.6,4.15,4.55,1
P0502,27,0.349,0.444,0.066,0.272,90.4,0.8,2.92,4.55,1
P0503,21,0.334,0.416,0.084,0.185,89.8,1.7,3.21,6.22,1
P0504,21,0.324,0.604,0.152,0.274,84.3,11.0,4.01,5.25,1
P0505,20,0.318,0.411,0.042,0.192,87.6,3.6,4.12,4.15,1
P0506,20,0.309,0.398,0.11,0.225,90.3,2.4,2.91,4.79,1
P0507,29,0.32,0.34,0.103,0.159,90.0,11.0,2.5,2.88,1
P0508,29,0.34,0.436,0.111,0.255,92.1,-6.2,3.03,6.41,1
P0509,27,0.303,0.447,0.084,0.15,88.3,-0.3,3.41,5.47,1
P0510,20,0.285,0.469,0.095,0.201,88.5,-3.3,2.59,4.59,0
P0511,29,0.379,0.39,0.096,0.167,85.0,-0.8,5.3,3.13,1
P0512,30,0.381,0.361,0.069,0.192,87.7,2.3,4.6,2.25,0
P0513,20,0.321,0.511,0.114,0.183,92.3,1.8,3.0,5.85,1
P0514,22,0.317,0.405,0.063,0.198,86.6,20.6,3.31,5.91,1
P0515,23,0.287,0.357,0.034,0.206,88.6,-2.0,1.26,2.74,1
P0516,23,0.324,0.464,0.101,0.164,82.4,0.1,2.19,7.09,1
P0517,24,0.246,0.533,0.076,0.303,89.8,-3.4,2.8,6.02,1
P0518,23,0.353,0.376,0.124,0.226,89.7,8.2,3.4,3.98,1
P0519,23,0.357,0.442,0.086,0.181,88.4,-3.0,4.52,5.21,1
P0520,28,0.281,0.448,0.04,0.231,84.1,-3.0,1.2,3.13,0
P0521,26,0.33,0.28,0.071,0.2,85.8,-0.9,1.18,3.32,0
P0522,24,0.268,0.471,0.102,0.151,91.4,3.3,1.82,4.56,0
P0523,25,0.315,0.326,0.06,0.161,87.3,-1.7,1.2,4.68,1
P0524,30,0.304,0.348,0.064,0.289,87.8,3.6,2.36,2.36,1
P0525,28,0.331,0.454,0.087,0.251,91.6,4.3,4.01,5.2,0
P0526,24,0.372,0.423,0.131,0.199,87.4,-4.4,5.3,4.24,0
P0527,30,0.362,0.541,0.059,0.325,91.7,5.7,4.6,5.12,1
P0528,26,0.329,0.368,0.122,0.202,89.2,-7.4,1.86,5.45,1
P0529,29,0.346,0.486,0.111,0.245,85.7,-1.3,3.11,3.07,1
P0530,24,0.263,0.296,0.096,0.268,89.4,1.8,1.2,1.66,0
P0531,26,0.31,0.351,0.066,0.224,85.4,21.5,3.46,2.85,0
P0532,24,0.32,0.362,0.125,0.16,88.5,-4.4,3.14,4.26,1
P0533,25,0.318,0.52,0.102,0.221,86.7,10.6,3.74,4.64,1
P0534,22,0.332,0.454,0.119,0.241,92.0,0.0,4.28,6.29,1
P0535,25,0.344,0.425,0.095,0.193,88.6,-9.0,2.33,5.02,1
P0536,25,0.324,0.392,0.09,0.243,90.3,4.9,2.43,4.26,1
P0537,21,0.34,0.391,0.095,0.193,89.7,3.0,2.35,1.52,0
P0538,28,0.304,0.442,0.074,0.215,85.6,12.0,2.7,3.85,1
P0539,20,0.261,0.401,0.059,0.271,90.6,-9.7,2.13,2.16,0
P0540,23,0.305,0.521,0.071,0.175,82.1,-2.7,2.91,2.11,0
P0541,21,0.343,0.475,0.036,0.246,86.9,12.1,1.94,5.0,1
P0542,27,0.353,0.486,0.138,0.191,92.4,2.5,3.94,5.52,1
P0543,30,0.259,0.477,0.097,0.263,89.9,9.6,2.76,3.57,0
P0544,21,0.275,0.364,0.05,0.253,83.4,0.0,2.94,3.06,0
P0545,26,0.303,0.386,0.097,0.185,92.8,9.6,2.42,4.79,0
P0546,30,0.317,0.379,0.072,0.326,86.6,0.5,1.97,3.74,0
P0547,23,0.394,0.486,0.113,0.249,85.8,3.4,4.36,5.5,1
P0548,20,0.309,0.564,0.121,0.242,94.0,-0.5,3.75,5.0,1
P0549,29,0.379,0.293,0.062,0.233,88.1,-5.6,3.34,2.16,0
P0550,20,0.371,0.45,0.112,0.201,87.8,-1.1,3.65,5.52,0
P0551,21,0.294,0.459,0.121,0.18,85.4,-5.9,1.9,4.07,1
P0552,20,0.356,0.405,0.125,0.248,87.4,0.6,4.25,5.99,1
P0553,27,0.348,0.388,0.1,0.266,90.3,-6.3,3.29,5.47,1
P0554,20,0.295,0.356,0.079,0.215,94.8,6.3,1.6,3.88,1
P0555,27,0.316,0.432,0.081,0.282,88.0,7.7,2.24,6.09,1
P0556,21,0.306,0.508,0.072,0.231,88.7,4.5,4.48,3.98,0
P0557,29,0.314,0.474,0.079,0.198,86.2,-1.1,2.32,4.9,1
P0558,22,0.304,0.28,0.066,0.173,84.0,14.1,0.81,4.09,1
P0559,24,0.283,0.28,0.101,0.158,88.8,2.6,2.61,3.01,0
P0560,29,0.318,0.4,0.057,0.249,89.4,-2.6,3.02,2.25,0
P0561,29,0.303,0.522,0.03,0.245,87.1,-7.7,4.3,2.29,0
P0562,30,0.335,0.436,0.056,0.143,90.9,2.5,2.63,6.65,0
P0563,20,0.303,0.48,0.089,0.24,89.9,-3.5,2.54,5.65,1
P0564,22,0.353,0.448,0.103,0.214,89.4,2.1,4.15,5.58,1
P0565,30,0.304,0.417,0.085,0.177,88.4,17.2,2.48,3.8,1
P0566,21,0.332,0.31,0.105,0.123,92.3,-10.3,4.43,4.62,1
P0567,27,0.312,0.38,0.079,0.248,91.8,-0.4,3.84,4.25,1
P0568,27,0.383,0.373,0.108,0.241,96.7,-1.0,4.84,5.41,1
P0569,26,0.324,0.505,0.072,0.273,94.8,0.4,1.44,6.51,1
P0570,23,0.336,0.448,0.071,0.214,88.6,0.2,0.79,5.48,1
P0571,23,0.303,0.427,0.086,0.262,88.1,-6.6,3.42,3.92,0
P0572,21,0.377,0.439,0.061,0.344,88.3,1.7,4.01,5.25,1
P0573,27,0.244,0.447,0.078,0.184,88.8,-4.0,2.81,5.29,1
P0574,23,0.253,0.415,0.085,0.185,84.9,1.0,1.69,1.59,0
P0575,26,0.285,0.373,0.104,0.319,83.5,-3.3,1.79,3.67,0
P0576,22,0.268,0.28,0.086,0.262,85.5,-5.4,0.7,2.12,0
P0577,24,0.296,0.311,0.099,0.185,91.1,-14.4,2.27,0.82,0
P0578,29,0.303,0.371,0.065,0.162,81.0,11.1,1.42,5.02,0
P0579,24,0.324,0.305,0.074,0.186,87.0,8.0,1.68,2.27,1
P0580,26,0.273,0.392,0.084,0.172,85.7,10.5,1.75,2.84,0
P0581,25,0.349,0.464,0.05,0.242,86.6,-6.5,5.69,4.03,0
P0582,28,0.35,0.442,0.128,0.25,90.7,-5.3,4.03,6.02,1
P0583,24,0.349,0.43,0.038,0.136,86.5,-7.6,3.27,4.5,1
P0584,30,0.364,0.453,0.088,0.24,89.5,4.9,3.65,5.4,1
P0585,23,0.302,0.409,0.08,0.251,87.7,-11.2,2.72,1.4,0
P0586,24,0.24,0.466,0.077,0.25,96.3,13.7,1.51,4.88,1
P0587,24,0.344,0.336,0.084,0.234,88.7,-3.4,3.01,1.93,1
P0588,30,0.376,0.457,0.122,0.296,90.7,5.5,5.51,4.62,1
P0589,28,0.316,0.391,0.105,0.227,89.1,-8.6,1.58,2.24,0
P0590,28,0.351,0.319,0.078,0.227,88.0,-2.7,2.29,3.97,0
P0591,21,0.326,0.505,0.087,0.184,90.8,2.3,5.52,5.18,1
P0592,21,0.373,0.448,0.135,0.146,85.9,3.2,2.84,6.37,1
P0593,30,0.321,0.286,0.106,0.267,88.7,-4.1,4.29,1.87,0
P0594,29,0.338,0.348,0.116,0.215,88.8,1.0,2.32,2.71,1
P0595,27,0.411,0.513,0.124,0.203,90.6,-1.8,5.33,3.95,1
P0596,25,0.248,0.453,0.058,0.229,86.1,16.2,1.74,2.55,0
P0597,20,0.316,0.28,0.12,0.208,86.2,5.6,0.7,5.52,0
P0598,26,0.377,0.404,0.122,0.246,87.6,6.4,3.06,6.1,1
P0599,23,0.267,0.494,0.046,0.216,84.7,-2.6,1.63,2.58,0
P0600,20,0.328,0.4,0.114,0.196,89.2,0.5,1.57,5.13,1
P0601,25,0.356,0.396,0.107,0.229,95.9,12.3,3.93,6.93,1
P0602,21,0.265,0.414,0.07,0.237,86.2,3.0,1.81,3.65,1
P0603,30,0.314,0.477,0.052,0.191,91.8,8.6,3.4,5.54,1
P0604,23,0.357,0.423,0.117,0.305,89.9,5.4,5.68,4.91,1
P0605,20,0.347,0.456,0.108,0.231,94.1,5.4,3.58,4.16,0
P0606,21,0.377,0.493,0.085,0.225,87.2,3.8,4.2,4.62,1
P0607,21,0.265,0.416,0.117,0.239,83.7,-0.5,2.27,3.37,1
P0608,27,0.349,0.311,0.123,0.151,87.2,5.7,3.72,3.96,1
P0609,29,0.309,0.463,0.068,0.249,84.0,-3.1,3.49,0.39,0
P0610,26,0.304,0.528,0.106,0.219,91.7,7.7,3.18,5.64,1
P0611,24,0.376,0.397,0.108,0.194,88.4,0.2,4.34,6.36,1
P0612,21,0.264,0.433,0.115,0.181,87.6,1.1,1.73,4.28,1
P0613,26,0.337,0.435,0.05,0.214,90.5,13.6,3.2,5.53,0
P0614,27,0.365,0.345,0.085,0.13,85.7,-7.7,3.32,3.17,1
P0615,25,0.276,0.447,0.037,0.249,90.4,-6.0,2.32,1.67,0
P0616,21,0.351,0.387,0.093,0.218,87.0,-3.4,4.73,5.94,1
P0617,23,0.31,0.409,0.079,0.184,89.4,-3.8,2.94,6.15,1
P0618,23,0.26,0.389,0.091,0.273,87.0,-8.9,2.21,1.79,0
P0619,20,0.359,0.28,0.052,0.181,90.2,-3.5,2.79,2.13,0
P0620,25,0.26,0.353,0.099,0.168,96.9,-0.5,0.7,3.68,1
P0621,28,0.373,0.385,0.081,0.202,92.6,16.7,4.97,5.0,1
P0622,20,0.3,0.464,0.082,0.197,91.6,-2.9,2.19,4.82,1
P0623,26,0.315,0.359,0.126,0.171,92.1,-10.6,3.01,4.35,0
P0624,21,0.339,0.307,0.075,0.232,93.1,-5.0,3.02,6.11,1
P0625,28,0.353,0.424,0.135,0.269,92.6,21.0,3.42,5.43,0
P0626,26,0.358,0.337,0.102,0.158,91.6,-11.4,2.33,4.72,0
P0627,29,0.296,0.386,0.083,0.175,85.2,3.8,1.75,3.49,1
P0628,24,0.273,0.459,0.053,0.218,93.7,1.1,2.71,3.0,1
P0629,27,0.313,0.485,0.074,0.178,89.1,4.7,3.17,5.74,1
P0630,22,0.302,0.41,0.109,0.246,88.6,-5.6,0.9,4.95,1
P0631,24,0.403,0.362,0.087,0.271,84.8,11.9,2.63,5.69,1
P0632,26,0.332,0.394,0.081,0.148,90.6,2.7,1.72,3.91,1
P0633,21,0.334,0.291,0.051,0.262,89.7,7.3,1.1,3.83,1
P0634,27,0.346,0.497,0.059,0.186,89.6,-5.7,4.01,5.03,1
P0635,30,0.274,0.482,0.095,0.241,90.0,13.0,2.59,3.46,1
P0636,30,0.307,0.42,0.124,0.288,90.7,-8.6,2.32,3.89,0
P0637,21,0.276,0.463,0.082,0.181,84.4,7.0,1.1,3.86,0
P0638,25,0.395,0.319,0.057,0.187,94.7,6.5,4.23,6.34,1
P0639,23,0.303,0.366,0.099,0.225,86.7,-3.4,1.83,3.42,1
P0640,20,0.334,0.515,0.116,0.112,89.2,-8.1,5.97,5.06,1
P0641,22,0.35,0.479,0.125,0.216,90.7,9.4,5.52,4.27,1
P0642,25,0.336,0.336,0.097,0.227,90.8,1.2,2.46,4.93,1
P0643,24,0.338,0.462,0.038,0.186,87.2,19.6,3.2,4.98,1
P0644,28,0.35,0.325,0.043,0.149,88.5,-1.3,4.14,3.52,1
P0645,30,0.352,0.373,0.161,0.268,89.1,10.4,3.53,4.18,1
P0646,22,0.309,0.405,0.107,0.179,82.9,18.8,1.32,4.56,1
P0647,27,0.344,0.457,0.1,0.245,91.4,2.9,4.39,4.52,1
P0648,24,0.378,0.455,0.08,0.259,90.9,8.6,4.44,5.86,0
P0649,30,0.311,0.494,0.1,0.142,95.4,10.7,3.0,6.79,1
P0650,29,0.402,0.381,0.077,0.213,94.4,-4.8,4.19,3.95,0
P0651,27,0.288,0.541,0.072,0.199,89.6,-0.8,3.35,2.55,0
P0652,26,0.315,0.571,0.048,0.234,96.1,-3.1,4.68,4.82,1
P0653,28,0.355,0.412,0.072,0.301,89.2,6.3,2.24,6.24,1
P0654,26,0.329,0.313,0.103,0.198,86.7,-5.3,2.7,3.7,0
P0655,23,0.38,0.345,0.073,0.239,89.5,-5.0,2.49,2.52,1
P0656,29,0.362,0.444,0.105,0.228,90.1,0.9,4.56,6.01,1
P0657,29,0.324,0.397,0.094,0.193,90.9,2.0,4.06,4.07,1
P0658,24,0.341,0.476,0.084,0.272,86.4,7.1,3.59,5.84,0
P0659,20,0.321,0.368,0.093,0.228,85.6,-6.1,2.56,4.22,0
P0660,27,0.283,0.41,0.089,0.236,93.1,-2.1,3.3,2.82,0
P0661,20,0.392,0.358,0.089,0.228,89.1,0.9,2.39,2.92,1
P0662,27,0.327,0.371,0.047,0.156,92.9,-3.4,2.51,2.4,1
P0663,29,0.344,0.296,0.081,0.182,89.1,0.4,2.44,2.24,1
P0664,21,0.24,0.532,0.108,0.222,93.0,1.7,1.09,3.82,0
P0665,23,0.291,0.474,0.14,0.243,88.4,1.0,2.74,5.17,1
P0666,27,0.307,0.443,0.117,0.145,88.9,-4.1,2.48,3.24,0
P0667,26,0.31,0.308,0.041,0.182,88.4,8.3,1.09,1.73,1
P0668,20,0.33,0.319,0.086,0.211,84.5,-1.6,2.4,2.28,0
P0669,29,0.309,0.401,0.068,0.206,91.2,9.7,3.23,3.21,1
P0670,26,0.274,0.426,0.063,0.195,89.6,10.0,3.13,2.97,0
P0671,22,0.341,0.454,0.11,0.184,88.5,-7.7,3.24,4.83,1
P0672,28,0.348,0.351,0.083,0.194,88.3,14.6,4.02,3.35,1
P0673,24,0.314,0.414,0.073,0.222,83.6,12.0,3.73,4.57,0
P0674,28,0.316,0.377,0.136,0.219,91.5,-3.8,2.32,4.35,1
P0675,25,0.332,0.456,0.146,0.192,88.2,-3.9,2.1,5.08,1
P0676,22,0.356,0.51,0.094,0.213,81.2,4.6,4.63,5.15,1
P0677,28,0.291,0.492,0.077,0.158,88.2,-9.0,3.22,6.69,1
P0678,24,0.377,0.503,0.045,0.234,83.3,-3.5,5.32,6.01,1
P0679,27,0.298,0.389,0.117,0.268,92.4,3.6,2.9,2.92,1
P0680,26,0.322,0.497,0.08,0.211,91.1,1.9,4.31,4.19,1
P0681,28,0.336,0.377,0.111,0.196,82.8,8.3,3.54,4.45,0
P0682,23,0.353,0.382,0.108,0.198,86.3,6.0,2.95,2.12,1
P0683,30,0.294,0.385,0.075,0.232,89.0,1.9,2.21,3.89,0
P0684,26,0.331,0.443,0.094,0.183,88.0,-1.7,3.53,5.45,1
P0685,30,0.296,0.452,0.111,0.198,85.4,4.0,3.19,1.83,0
P0686,26,0.377,0.448,0.083,0.199,87.2,-2.3,5.47,6.43,0
P0687,28,0.323,0.474,0.142,0.223,90.8,0.0,3.71,4.5,1
P0688,24,0.378,0.303,0.094,0.196,85.7,11.8,2.52,3.79,1
P0689,21,0.361,0.367,0.096,0.299,91.8,8.2,2.59,4.13,1
P0690,22,0.338,0.425,0.12,0.227,91.2,-5.0,2.95,4.0,1
P0691,29,0.317,0.437,0.068,0.231,95.1,1.1,2.89,4.98,1
P0692,29,0.338,0.313,0.074,0.178,90.7,14.9,0.7,4.27,1
P0693,21,0.313,0.28,0.075,0.247,94.2,11.2,0.7,5.22,0
P0694,25,0.337,0.477,0.096,0.237,92.4,12.1,4.54,5.89,1
P0695,26,0.363,0.394,0.063,0.241,91.5,-10.7,3.24,5.35,1
P0696,22,0.288,0.41,0.062,0.26,88.0,-6.0,2.54,3.62,0
P0697,27,0.364,0.431,0.068,0.202,89.0,-4.9,3.55,4.01,0
P0698,21,0.33,0.367,0.147,0.269,87.4,2.8,2.38,4.81,1
P0699,25,0.333,0.325,0.056,0.217,85.8,-4.5,1.7,1.73,0
P0700,24,0.348,0.394,0.087,0.223,86.9,-6.3,3.49,4.13,1
P0701,21,0.32,0.371,0.09,0.176,89.6,5.0,2.39,3.16,1
P0702,28,0.32,0.505,0.044,0.239,86.4,-4.4,4.29,2.14,1
P0703,25,0.332,0.323,0.054,0.253,91.4,5.6,1.88,4.74,1
P0704,23,0.259,0.493,0.112,0.242,87.2,4.3,1.57,6.23,1
P0705,25,0.296,0.314,0.046,0.217,89.1,6.6,0.86,1.31,1
P0706,28,0.318,0.345,0.03,0.219,88.9,-15.7,2.96,2.27,0
P0707,25,0.358,0.331,0.095,0.271,88.8,-3.9,1.56,2.01,1
P0708,25,0.296,0.444,0.117,0.265,86.5,3.1,3.79,4.72,1
P0709,24,0.347,0.499,0.127,0.197,85.9,-8.0,5.26,3.26,1
P0710,22,0.329,0.468,0.116,0.174,91.8,5.6,3.4,6.34,1
P0711,29,0.341,0.373,0.088,0.266,89.0,0.7,3.14,4.94,1
P0712,20,0.326,0.377,0.108,0.285,96.1,6.1,2.09,5.7,1
P0713,27,0.336,0.444,0.09,0.2,89.0,-8.0,3.33,3.67,1
P0714,21,0.334,0.399,0.065,0.178,83.5,-0.0,3.42,6.7,0
P0715,28,0.296,0.309,0.055,0.184,87.7,-4.8,2.16,0.53,0
P0716,23,0.439,0.387,0.127,0.257,84.0,5.4,4.16,3.91,1
P0717,25,0.318,0.388,0.149,0.201,92.0,14.4,3.77,4.43,1
P0718,28,0.333,0.395,0.061,0.238,87.2,15.1,3.34,4.52,0
P0719,23,0.331,0.351,0.095,0.109,91.3,3.8,2.8,4.64,1
P0720,30,0.331,0.422,0.096,0.254,94.2,4.6,1.74,3.91,0
P0721,25,0.271,0.49,0.03,0.214,89.7,6.2,2.12,4.25,0
P0722,30,0.241,0.489,0.128,0.282,89.6,-6.2,2.51,3.27,0
P0723,29,0.284,0.297,0.06,0.238,89.9,1.1,1.51,2.69,0
P0724,27,0.312,0.28,0.105,0.22,86.6,0.8,1.34,2.46,0
P0725,27,0.362,0.369,0.094,0.252,87.9,6.1,3.56,4.38,1
P0726,27,0.389,0.585,0.064,0.225,91.4,1.7,4.74,4.0,1
P0727,28,0.362,0.412,0.078,0.183,83.5,4.2,3.96,3.83,1
P0728,30,0.397,0.512,0.085,0.203,88.9,0.6,4.65,5.33,1
P0729,28,0.362,0.455,0.079,0.233,94.3,-0.4,5.18,5.77,1
P0730,20,0.301,0.36,0.1,0.27,89.7,4.4,3.9,3.96,1
P0731,24,0.299,0.334,0.091,0.178,91.7,0.2,1.98,3.85,1
P0732,24,0.337,0.378,0.06,0.207,84.4,4.8,3.95,0.92,0
P0733,29,0.309,0.433,0.082,0.297,89.7,-4.0,4.52,4.03,1
P0734,25,0.318,0.38,0.049,0.235,86.4,2.8,1.77,2.17,0
P0735,26,0.28,0.408,0.102,0.185,95.3,-3.2,2.3,4.07,0
P0736,26,0.345,0.496,0.112,0.185,85.3,1.6,4.26,4.16,1
P0737,29,0.373,0.468,0.073,0.143,92.1,3.4,4.11,5.14,1
P0738,23,0.24,0.419,0.087,0.211,87.2,-2.9,2.14,3.01,1
P0739,23,0.343,0.424,0.077,0.228,85.9,-4.6,3.59,2.26,0
P0740,28,0.315,0.442,0.12,0.117,86.5,-3.7,3.58,4.3,1
P0741,27,0.282,0.349,0.11,0.164,87.4,4.8,1.98,0.69,0
P0742,23,0.331,0.4,0.081,0.212,87.0,6.3,3.51,3.51,1
P0743,24,0.294,0.586,0.103,0.215,90.5,10.8,3.25,3.4,1
P0744,30,0.322,0.491,0.086,0.227,87.8,-5.3,2.55,2.71,0
P0745,27,0.326,0.483,0.08,0.1,90.0,2.3,2.79,3.95,1
P0746,28,0.35,0.358,0.103,0.259,84.4,5.5,3.61,2.37,0
P0747,20,0.357,0.411,0.07,0.164,88.2,6.9,3.21,5.27,1
P0748,25,0.37,0.367,0.103,0.198,89.0,7.9,2.55,5.49,1
P0749,20,0.317,0.562,0.116,0.227,87.6,-1.0,5.86,4.27,1
P0750,28,0.309,0.531,0.103,0.271,93.5,8.7,4.81,5.95,1
P0751,20,0.272,0.496,0.06,0.28,89.2,3.2,2.6,2.45,1
P0752,22,0.307,0.397,0.108,0.208,93.0,7.6,2.99,6.26,1
P0753,21,0.304,0.444,0.111,0.187,95.0,1.6,1.88,3.48,1
P0754,22,0.362,0.371,0.114,0.201,89.1,6.4,3.24,4.98,1
P0755,29,0.328,0.391,0.104,0.231,85.9,3.1,1.39,2.75,0
P0756,29,0.374,0.389,0.063,0.231,87.7,-8.8,4.16,4.74,1
P0757,24,0.335,0.409,0.097,0.299,90.4,-3.9,3.66,2.56,1
P0758,25,0.305,0.425,0.093,0.22,84.4,-0.9,3.44,4.54,0
P0759,26,0.363,0.345,0.094,0.271,91.0,1.8,4.01,2.57,1
P0760,20,0.324,0.34,0.086,0.22,83.2,10.0,3.22,3.02,0
P0761,25,0.304,0.516,0.09,0.225,92.1,-5.8,2.85,3.64,0
P0762,20,0.334,0.374,0.039,0.29,89.1,-5.8,2.63,2.07,1
P0763,30,0.315,0.429,0.093,0.202,87.0,7.4,2.72,3.85,0
P0764,25,0.329,0.43,0.096,0.203,88.1,-5.3,3.0,3.95,0
P0765,30,0.357,0.449,0.064,0.168,89.3,-4.3,3.56,7.01,0
P0766,27,0.364,0.476,0.058,0.223,89.9,-8.3,4.35,2.98,1
P0767,30,0.322,0.636,0.097,0.277,94.2,-1.3,5.28,7.42,1
P0768,24,0.287,0.282,0.1,0.231,83.0,-10.7,0.85,1.13,0
P0769,23,0.274,0.353,0.085,0.152,89.4,8.5,1.05,1.95,0
P0770,21,0.364,0.539,0.074,0.18,87.0,-4.9,4.35,3.39,1
P0771,30,0.31,0.302,0.129,0.261,93.9,1.1,0.92,2.94,0
P0772,25,0.306,0.28,0.118,0.159,80.6,13.4,1.71,1.73,0
P0773,30,0.292,0.506,0.105,0.23,89.3,7.1,2.08,4.11,0
P0774,29,0.303,0.463,0.111,0.158,90.0,-3.5,4.58,3.67,0
P0775,28,0.298,0.464,0.075,0.29,88.9,8.7,2.93,1.84,0
P0776,29,0.368,0.343,0.11,0.273,88.8,1.1,2.77,2.16,0
P0777,26,0.374,0.28,0.1,0.204,87.9,1.0,3.06,5.02,1
P0778,29,0.35,0.334,0.068,0.254,92.8,3.3,2.76,5.49,1
P0779,26,0.3,0.642,0.085,0.169,93.0,-2.1,4.53,4.23,1
P0780,22,0.305,0.497,0.097,0.237,92.9,8.1,2.07,4.75,1
P0781,27,0.312,0.374,0.06,0.147,90.0,1.5,1.69,2.74,1
P0782,22,0.291,0.601,0.096,0.212,84.5,-1.2,4.26,4.53,1
P0783,28,0.344,0.411,0.092,0.236,89.0,-8.3,4.43,4.2,1
P0784,20,0.29,0.369,0.097,0.225,89.4,-1.0,0.7,4.0,1
P0785,25,0.319,0.389,0.076,0.169,89.0,4.5,1.91,3.08,0
P0786,23,0.325,0.306,0.119,0.174,93.3,5.8,3.83,4.8,1
P0787,20,0.326,0.481,0.161,0.241,90.6,10.5,3.28,3.22,1
P0788,27,0.264,0.431,0.108,0.173,86.2,-5.6,1.55,1.25,1
P0789,24,0.346,0.482,0.095,0.216,87.2,11.1,5.24,3.37,1
P0790,23,0.25,0.381,0.07,0.216,84.6,2.8,0.7,1.85,0
P0791,27,0.321,0.513,0.099,0.25,94.2,6.9,3.48,3.8,1
P0792,24,0.329,0.303,0.086,0.268,93.5,6.7,1.61,3.94,1
P0793,20,0.331,0.491,0.093,0.184,93.3,7.2,3.09,6.73,1
P0794,29,0.343,0.48,0.119,0.218,88.4,1.7,6.04,5.06,0
P0795,22,0.374,0.375,0.084,0.277,93.8,1.2,3.78,6.17,1
P0796,21,0.262,0.37,0.087,0.216,87.6,3.5,1.46,2.98,1
P0797,25,0.29,0.46,0.08,0.278,89.9,-9.0,1.79,3.26,0
P0798,22,0.241,0.33,0.098,0.183,89.0,0.7,1.19,1.82,0
P0799,26,0.294,0.395,0.099,0.156,89.6,-0.6,2.15,3.41,1
P0800,20,0.348,0.371,0.078,0.195,91.3,3.7,3.61,5.96,0
P0801,30,0.31,0.526,0.085,0.235,91.3,-7.7,2.35,5.99,1
P0802,30,0.339,0.362,0.103,0.219,84.4,1.1,2.92,3.65,1
P0803,23,0.337,0.398,0.053,0.192,88.9,5.6,3.0,5.14,1
P0804,30,0.408,0.403,0.069,0.136,87.6,13.2,4.48,4.96,1
P0805,23,0.317,0.417,0.134,0.235,90.6,6.2,3.43,4.8,0
P0806,27,0.308,0.476,0.151,0.191,95.0,0.7,1.72,3.98,1
P0807,25,0.312,0.408,0.055,0.218,89.2,6.1,1.45,4.86,0
P0808,30,0.361,0.404,0.057,0.194,88.3,0.9,4.01,3.15,0
P0809,27,0.288,0.391,0.049,0.227,90.1,5.2,0.7,4.12,0
P0810,29,0.316,0.507,0.065,0.12,87.3,4.5,4.17,3.61,0
P0811,28,0.359,0.382,0.094,0.144,87.2,15.5,3.61,5.73,1
P0812,26,0.316,0.531,0.09,0.195,87.5,20.8,4.09,5.56,1
P0813,26,0.307,0.323,0.11,0.171,89.6,-1.8,1.91,3.36,0
P0814,30,0.328,0.418,0.083,0.226,82.9,-0.3,1.88,3.2,0
P0815,20,0.313,0.45,0.058,0.272,90.2,7.9,2.7,3.98,1
P0816,23,0.339,0.412,0.095,0.198,88.7,6.6,3.44,3.88,1
P0817,23,0.302,0.514,0.136,0.244,88.1,6.4,3.39,4.92,1
P0818,25,0.378,0.44,0.1,0.269,88.6,15.0,3.69,4.86,1
P0819,22,0.272,0.327,0.081,0.241,88.0,-1.8,3.09,3.19,0
P0820,21,0.25,0.478,0.062,0.23,90.5,-1.0,1.69,3.39,0
P0821,28,0.288,0.421,0.133,0.292,91.6,-4.1,2.83,3.51,0
P0822,24,0.352,0.347,0.133,0.228,83.4,-1.0,3.66,2.71,0
P0823,29,0.312,0.398,0.081,0.31,89.9,5.3,2.69,4.3,1
P0824,28,0.382,0.483,0.061,0.19,87.2,6.1,5.76,4.22,1
P0825,24,0.287,0.515,0.093,0.164,87.2,16.8,3.8,5.13,1
P0826,21,0.34,0.511,0.1,0.24,94.6,-4.9,3.02,3.75,1
P0827,25,0.323,0.456,0.104,0.166,91.6,8.2,4.78,4.9,1
P0828,21,0.376,0.423,0.083,0.184,91.7,-0.6,4.39,5.8,1
P0829,23,0.328,0.482,0.124,0.222,90.2,10.8,3.39,6.85,1
P0830,27,0.323,0.464,0.101,0.229,86.0,1.5,2.89,3.35,1
P0831,25,0.313,0.379,0.104,0.208,83.2,-3.9,2.78,2.77,0
P0832,25,0.357,0.365,0.081,0.215,89.2,14.9,3.9,3.74,1
P0833,20,0.312,0.437,0.095,0.226,95.2,7.7,3.18,4.67,1
P0834,29,0.365,0.413,0.076,0.242,85.7,2.7,4.78,4.25,0
P0835,22,0.328,0.392,0.05,0.244,89.9,14.5,2.96,4.01,1
P0836,23,0.297,0.336,0.125,0.199,89.2,6.5,1.28,2.86,1
P0837,24,0.337,0.45,0.12,0.223,88.6,3.7,4.1,4.49,1
P0838,29,0.317,0.382,0.081,0.187,84.0,4.3,3.39,1.19,1
P0839,22,0.311,0.454,0.132,0.251,88.9,-5.6,2.26,4.07,0
P0840,25,0.364,0.393,0.081,0.172,88.6,-3.5,4.29,3.31,1
P0841,21,0.337,0.398,0.091,0.239,87.7,1.7,3.13,4.32,1
P0842,28,0.297,0.481,0.089,0.217,87.9,17.4,3.97,5.12,1
P0843,26,0.379,0.534,0.074,0.161,89.2,18.5,5.25,4.25,1
P0844,22,0.31,0.404,0.136,0.194,92.2,9.5,3.52,4.27,1
P0845,23,0.28,0.421,0.088,0.177,85.8,-4.0,2.39,3.45,0
P0846,21,0.342,0.324,0.123,0.205,86.1,-18.0,3.28,3.92,1
P0847,30,0.326,0.448,0.064,0.259,85.3,4.8,4.09,4.24,0
P0848,22,0.283,0.416,0.059,0.195,91.1,-11.7,3.54,2.78,0
P0849,25,0.289,0.503,0.12,0.196,82.8,2.5,1.99,2.45,0
P0850,22,0.286,0.347,0.079,0.249,86.9,2.8,0.92,3.66,1
P0851,25,0.373,0.463,0.11,0.273,93.1,0.9,4.58,5.37,0
P0852,25,0.359,0.552,0.047,0.247,92.0,-0.7,4.86,5.26,1
P0853,23,0.299,0.468,0.135,0.198,88.0,-4.9,4.63,4.63,1
P0854,26,0.325,0.47,0.13,0.242,87.0,8.3,5.0,4.01,1
P0855,29,0.349,0.404,0.11,0.201,90.5,1.9,2.62,4.05,1
P0856,30,0.349,0.474,0.087,0.163,86.5,9.9,4.06,4.93,1
P0857,22,0.367,0.323,0.044,0.262,88.8,2.2,2.7,3.05,1
P0858,21,0.411,0.526,0.073,0.278,85.2,-4.9,5.91,4.99,1
P0859,30,0.294,0.583,0.112,0.247,84.0,7.0,4.65,2.19,1
P0860,25,0.318,0.423,0.134,0.239,88.3,6.7,2.57,2.49,1
P0861,20,0.299,0.444,0.081,0.208,85.4,8.0,2.78,4.24,1
P0862,26,0.371,0.44,0.09,0.271,90.7,-11.4,3.93,5.42,1
P0863,29,0.329,0.36,0.099,0.25,89.6,7.2,3.71,-0.04,1
P0864,22,0.361,0.324,0.088,0.266,80.0,12.2,4.18,2.55,0
P0865,25,0.319,0.289,0.142,0.325,86.0,7.5,2.31,1.58,0
P0866,23,0.326,0.475,0.09,0.21,94.6,1.8,3.77,2.82,1
P0867,30,0.375,0.441,0.128,0.237,91.4,3.4,3.91,3.9,1
P0868,27,0.324,0.553,0.083,0.172,97.6,-1.6,5.31,5.17,0
P0869,20,0.329,0.285,0.118,0.237,89.2,2.7,1.88,4.36,1
P0870,27,0.281,0.393,0.098,0.19,85.3,-1.6,0.7,2.94,0
P0871,28,0.386,0.442,0.067,0.212,91.1,9.9,3.41,5.42,1
P0872,30,0.302,0.376,0.098,0.279,87.5,0.3,1.84,1.24,1
P0873,20,0.337,0.448,0.147,0.184,84.9,1.4,3.19,4.32,1
P0874,23,0.317,0.393,0.107,0.189,92.3,-2.7,1.95,3.41,1
P0875,25,0.319,0.448,0.08,0.199,90.2,-2.3,3.46,3.15,1
P0876,22,0.287,0.28,0.084,0.164,89.9,2.1,1.67,3.41,1
P0877,29,0.3,0.342,0.096,0.163,94.4,3.7,1.78,4.6,0
P0878,29,0.261,0.306,0.086,0.158,82.4,2.3,1.52,0.17,0
P0879,29,0.34,0.401,0.073,0.281,91.0,-0.1,2.01,4.08,1
P0880,26,0.372,0.453,0.061,0.175,91.1,12.8,4.3,6.2,1
P0881,24,0.268,0.371,0.059,0.199,84.0,-4.4,0.7,4.45,0
P0882,28,0.308,0.458,0.152,0.219,92.7,4.1,4.43,5.2,0
P0883,28,0.34,0.471,0.097,0.238,85.1,4.0,3.97,4.16,1
P0884,24,0.343,0.372,0.031,0.256,88.5,0.4,2.16,2.74,0
P0885,23,0.314,0.432,0.054,0.189,87.8,1.6,2.56,4.36,0
P0886,21,0.284,0.464,0.105,0.165,92.6,3.3,1.55,6.12,1
P0887,26,0.262,0.399,0.042,0.202,86.8,14.8,1.25,2.21,1
P0888,23,0.267,0.341,0.075,0.258,86.4,6.4,2.24,3.27,1
P0889,23,0.399,0.473,0.094,0.219,91.0,-14.2,5.11,3.27,1
P0890,28,0.304,0.604,0.097,0.258,90.0,-2.4,3.94,4.94,1
P0891,23,0.25,0.344,0.08,0.176,88.0,5.5,0.7,2.63,0
P0892,30,0.302,0.38,0.087,0.18,86.8,13.7,2.7,1.66,1
P0893,27,0.349,0.441,0.066,0.282,88.6,-7.6,4.84,3.52,0
P0894,27,0.339,0.496,0.12,0.213,87.4,10.7,3.75,5.34,0
P0895,30,0.273,0.376,0.049,0.238,90.9,-1.3,1.92,1.94,0
P0896,30,0.329,0.349,0.067,0.226,89.3,-12.3,1.91,2.89,0
P0897,22,0.28,0.533,0.07,0.194,89.1,2.6,3.5,3.26,0
P0898,22,0.283,0.417,0.1,0.215,89.6,13.9,1.46,2.15,1
P0899,29,0.349,0.437,0.099,0.18,87.5,3.9,4.38,4.2,0
P0900,29,0.363,0.616,0.059,0.141,85.5,7.0,6.11,4.82,1
P0901,23,0.245,0.33,0.07,0.226,86.6,-5.6,0.7,1.27,0
P0902,22,0.349,0.325,0.057,0.307,88.1,2.8,2.31,3.51,1
P0903,21,0.331,0.467,0.094,0.272,83.7,-2.6,2.69,4.74,0
P0904,26,0.339,0.322,0.08,0.298,88.9,3.9,3.27,2.62,1
P0905,23,0.321,0.449,0.107,0.183,87.5,11.2,2.01,4.11,1
P0906,24,0.338,0.477,0.072,0.136,90.1,-0.8,4.09,3.32,1
P0907,29,0.319,0.448,0.084,0.209,87.5,-6.9,3.66,3.28,0
P0908,21,0.337,0.536,0.092,0.258,86.2,-11.7,4.14,3.49,0
P0909,21,0.312,0.469,0.136,0.222,92.3,8.9,3.55,5.15,1
P0910,20,0.356,0.419,0.1,0.148,87.7,-10.6,2.36,3.91,1
P0911,26,0.272,0.505,0.109,0.203,84.9,4.2,3.22,3.72,1
P0912,21,0.35,0.403,0.081,0.182,86.7,6.2,3.26,4.11,1
P0913,20,0.295,0.404,0.104,0.24,90.0,1.1,3.19,4.55,1
P0914,25,0.256,0.459,0.066,0.191,84.9,14.0,1.51,2.83,0
P0915,25,0.285,0.314,0.102,0.231,91.9,4.6,0.77,3.53,0
P0916,21,0.301,0.4,0.095,0.257,84.5,-2.3,3.01,1.46,0
P0917,29,0.359,0.388,0.104,0.219,85.4,0.2,3.58,3.97,1
P0918,23,0.376,0.447,0.096,0.17,90.1,3.8,5.37,4.96,0
P0919,25,0.331,0.373,0.076,0.188,87.3,-7.7,1.83,6.05,0
P0920,27,0.288,0.387,0.105,0.223,90.8,8.1,3.7,3.66,1
P0921,23,0.35,0.412,0.098,0.223,89.3,-0.2,3.93,5.61,1
P0922,24,0.419,0.454,0.069,0.146,86.1,13.6,4.52,3.42,1
P0923,30,0.24,0.326,0.053,0.201,85.7,-4.0,1.06,0.8,0
P0924,29,0.373,0.383,0.098,0.259,95.9,15.0,3.97,4.58,1
P0925,20,0.338,0.427,0.079,0.175,86.5,10.8,2.47,6.5,1
P0926,22,0.28,0.326,0.091,0.204,87.3,14.6,0.76,5.71,0
P0927,28,0.318,0.506,0.104,0.277,83.4,0.8,4.83,2.05,1
P0928,30,0.295,0.468,0.081,0.27,87.3,3.8,2.33,2.79,0
P0929,30,0.321,0.546,0.08,0.236,93.3,-2.9,3.88,6.05,1
P0930,21,0.316,0.416,0.084,0.269,87.6,-8.3,3.87,2.94,0
P0931,20,0.335,0.436,0.051,0.304,89.1,9.5,4.04,3.94,1
P0932,27,0.298,0.329,0.111,0.151,86.3,1.4,2.06,1.22,0
P0933,23,0.279,0.57,0.088,0.162,86.5,11.5,3.6,5.26,1
P0934,30,0.328,0.487,0.11,0.136,91.7,-4.8,2.29,4.73,1
P0935,24,0.326,0.414,0.097,0.19,91.9,7.3,3.21,5.05,1
P0936,23,0.344,0.421,0.081,0.167,91.1,-8.6,2.52,3.76,1
P0937,25,0.391,0.477,0.119,0.224,90.8,9.7,4.27,4.13,1
P0938,22,0.306,0.481,0.102,0.134,89.8,-2.9,3.94,5.78,1
P0939,22,0.359,0.553,0.102,0.193,92.6,15.3,3.72,6.69,1
P0940,26,0.311,0.452,0.078,0.175,85.9,4.3,3.15,4.03,1
P0941,29,0.289,0.375,0.103,0.165,93.9,3.8,1.87,4.83,1
P0942,27,0.368,0.316,0.054,0.209,85.5,-7.6,3.36,0.61,0
P0943,22,0.259,0.386,0.125,0.264,85.5,2.8,1.41,2.24,0
P0944,21,0.356,0.438,0.153,0.246,91.7,3.5,4.77,2.89,1
P0945,22,0.299,0.389,0.063,0.233,91.8,-11.7,1.17,3.13,0
P0946,20,0.326,0.47,0.094,0.269,93.9,-3.4,4.04,3.91,0
P0947,26,0.326,0.502,0.107,0.218,89.3,6.1,4.25,4.72,0
P0948,25,0.329,0.422,0.045,0.259,92.7,1.8,2.4,3.95,1
P0949,23,0.263,0.363,0.095,0.162,87.8,4.3,1.71,3.48,0
P0950,28,0.277,0.399,0.098,0.201,87.7,-11.9,2.14,1.87,0
P0951,24,0.277,0.409,0.095,0.221,86.3,3.0,1.81,2.32,1
P0952,24,0.252,0.442,0.092,0.214,84.4,2.9,1.55,1.59,0
P0953,28,0.323,0.409,0.096,0.214,93.9,-3.1,4.68,3.88,1
P0954,30,0.31,0.287,0.073,0.197,88.8,-4.6,1.38,0.55,0
P0955,22,0.313,0.392,0.07,0.221,94.4,4.3,3.69,5.63,1
P0956,29,0.328,0.465,0.108,0.193,87.6,-1.5,3.28,3.32,0
P0957,29,0.32,0.376,0.11,0.215,89.6,13.7,2.76,4.2,1
P0958,21,0.375,0.393,0.095,0.223,91.3,-2.6,3.99,5.13,1
P0959,24,0.343,0.605,0.07,0.205,85.6,-5.3,5.23,5.22,0
P0960,27,0.274,0.398,0.097,0.233,90.0,12.4,2.52,1.68,0
P0961,23,0.342,0.28,0.104,0.133,87.5,0.9,1.54,3.85,1
P0962,26,0.282,0.385,0.114,0.206,87.5,2.2,2.17,1.75,0
P0963,23,0.357,0.359,0.109,0.212,89.6,3.9,4.15,6.59,1
P0964,26,0.282,0.353,0.057,0.147,87.1,7.2,1.19,2.11,0
P0965,29,0.297,0.457,0.067,0.201,84.7,12.7,3.97,2.36,1
P0966,22,0.312,0.395,0.091,0.317,89.9,-8.3,2.33,3.07,1
P0967,21,0.342,0.427,0.083,0.23,93.5,-4.7,2.6,4.64,1
P0968,28,0.31,0.322,0.129,0.217,85.1,-0.3,1.69,1.94,0
P0969,22,0.341,0.379,0.092,0.223,89.7,2.9,2.33,4.83,1
P0970,27,0.418,0.28,0.092,0.271,92.7,-2.2,2.79,5.55,1
P0971,20,0.301,0.571,0.091,0.181,89.2,3.0,3.08,4.97,1
P0972,22,0.363,0.333,0.106,0.245,88.3,10.2,3.12,4.46,1
P0973,26,0.269,0.379,0.091,0.253,87.8,4.4,2.96,2.71,0
P0974,27,0.316,0.447,0.032,0.253,90.7,-7.7,4.38,3.05,0
P0975,30,0.301,0.459,0.141,0.197,82.0,5.9,2.89,1.47,0
P0976,22,0.283,0.284,0.096,0.266,88.5,-9.9,1.67,1.89,0
P0977,29,0.367,0.395,0.101,0.263,92.3,3.3,5.2,6.23,1
P0978,29,0.316,0.45,0.075,0.102,87.8,-6.1,3.33,4.0,0
P0979,20,0.315,0.399,0.09,0.219,85.6,6.3,2.58,3.62,1
P0980,22,0.269,0.393,0.1,0.21,93.9,6.5,1.33,3.01,0
P0981,20,0.275,0.359,0.07,0.253,92.7,7.5,1.11,4.83,1
P0982,24,0.276,0.444,0.113,0.248,91.5,-3.7,2.35,2.97,1
P0983,26,0.307,0.38,0.099,0.159,89.9,9.7,3.29,4.21,1
P0984,27,0.337,0.387,0.03,0.216,93.2,4.6,2.72,5.41,1
P0985,22,0.312,0.543,0.074,0.175,86.6,-1.0,3.91,3.91,1
P0986,23,0.315,0.281,0.086,0.193,86.6,-0.9,2.35,1.04,0
P0987,28,0.34,0.391,0.08,0.193,91.3,15.1,2.68,4.29,0
P0988,28,0.297,0.415,0.108,0.229,92.3,11.1,3.87,5.19,1
P0989,29,0.325,0.47,0.082,0.164,89.6,0.7,4.21,4.34,1
P0990,29,0.313,0.382,0.085,0.238,86.0,3.5,3.11,3.6,0
P0991,23,0.32,0.409,0.069,0.17,88.6,-0.6,4.13,2.55,0
P0992,30,0.35,0.431,0.081,0.189,82.8,-6.0,5.32,2.26,0
P0993,26,0.353,0.305,0.089,0.164,90.6,-3.0,2.98,3.76,1
P0994,25,0.317,0.395,0.098,0.237,92.1,14.6,3.64,3.68,1
P0995,22,0.366,0.5,0.141,0.164,87.5,14.1,4.99,6.76,1
P0996,21,0.382,0.495,0.127,0.255,89.6,14.7,4.69,4.39,1
P0997,22,0.292,0.48,0.117,0.188,92.7,6.7,1.9,4.83,1
P0998,21,0.343,0.512,0.104,0.19,91.6,2.4,3.35,5.15,1
P0999,28,0.343,0.441,0.107,0.278,87.8,3.5,3.75,3.39,0
P1000,26,0.285,0.406,0.087,0.141,89.6,9.2,1.54,6.33,1
P1001,25,0.342,0.372,0.162,0.245,90.1,8.9,2.24,6.16,0
P1002,28,0.342,0.443,0.097,0.196,89.3,7.0,3.48,4.77,1
P1003,25,0.253,0.532,0.077,0.23,86.7,-2.1,2.47,2.38,1
P1004,22,0.354,0.507,0.117,0.257,92.2,-7.8,4.27,3.99,1
P1005,29,0.273,0.406,0.081,0.196,89.8,6.1,4.22,2.62,1
P1006,27,0.294,0.428,0.117,0.213,88.7,1.6,3.53,4.01,0
P1007,21,0.258,0.486,0.107,0.158,91.9,-4.7,2.49,3.46,1
P1008,28,0.313,0.494,0.129,0.238,84.2,4.6,3.28,4.44,1
P1009,27,0.308,0.513,0.054,0.231,89.0,1.7,4.64,4.72,1
P1010,28,0.356,0.397,0.083,0.246,86.4,-0.5,3.9,1.69,0
P1011,27,0.309,0.377,0.093,0.235,90.4,-3.1,3.24,3.23,0
P1012,21,0.277,0.436,0.089,0.247,88.5,4.5,2.82,2.55,0
P1013,29,0.375,0.457,0.102,0.155,86.8,-0.6,3.54,7.05,1
P1014,23,0.319,0.372,0.108,0.277,87.8,-4.7,0.7,3.78,1
P1015,28,0.314,0.34,0.097,0.272,82.3,-0.7,3.91,1.73,0
P1016,25,0.357,0.44,0.108,0.159,87.6,-4.6,3.64,5.51,1
P1017,21,0.29,0.308,0.055,0.19,88.1,11.1,2.21,2.93,1
P1018,20,0.262,0.28,0.08,0.166,86.1,-4.3,1.16,0.89,0
P1019,23,0.334,0.399,0.134,0.231,87.5,-2.3,2.86,3.48,1
P1020,20,0.316,0.536,0.091,0.234,81.3,7.3,3.75,2.62,1
P1021,26,0.282,0.388,0.065,0.133,90.1,15.1,1.55,1.69,0
P1022,25,0.311,0.387,0.116,0.25,89.8,-5.1,3.31,2.39,0
P1023,24,0.349,0.39,0.072,0.212,95.7,-8.0,2.66,4.94,0
P1024,28,0.371,0.441,0.067,0.21,86.3,0.8,5.18,4.17,0
P1025,24,0.248,0.338,0.114,0.168,93.2,-5.4,1.12,3.67,1
P1026,22,0.329,0.427,0.112,0.174,86.9,10.8,3.59,4.81,1
P1027,21,0.332,0.347,0.084,0.212,93.8,3.0,1.9,3.84,1
P1028,20,0.28,0.302,0.135,0.263,88.4,16.5,0.7,3.72,1
P1029,22,0.299,0.394,0.095,0.217,86.4,-4.0,3.85,2.08,0
P1030,26,0.339,0.412,0.102,0.279,91.0,-5.6,4.56,3.99,1
P1031,25,0.329,0.525,0.094,0.181,80.0,-16.6,4.44,1.43,1
P1032,26,0.378,0.311,0.112,0.194,85.5,8.4,2.96,3.23,0
P1033,29,0.323,0.416,0.103,0.148,87.2,-7.9,2.92,3.68,1
P1034,20,0.366,0.424,0.105,0.265,87.3,21.6,3.88,5.62,1
P1035,26,0.27,0.541,0.114,0.148,92.8,8.8,5.35,4.65,1
P1036,28,0.33,0.547,0.08,0.222,90.4,1.9,4.22,4.03,1
P1037,28,0.308,0.52,0.081,0.237,90.3,0.1,4.07,3.32,1
P1038,30,0.267,0.341,0.175,0.198,83.1,1.3,0.94,1.08,0
P1039,23,0.35,0.409,0.089,0.235,91.5,2.1,3.67,4.42,0
P1040,25,0.378,0.645,0.096,0.202,91.3,0.7,5.24,4.83,1
P1041,22,0.334,0.534,0.076,0.205,88.3,9.8,3.71,4.55,1
P1042,22,0.262,0.393,0.114,0.2,88.4,-0.7,0.71,4.17,1
P1043,22,0.328,0.365,0.123,0.2,85.9,6.8,2.31,5.41,1
P1044,30,0.314,0.45,0.107,0.25,91.3,-4.0,2.02,3.87,1
P1045,20,0.276,0.351,0.077,0.237,89.9,10.5,1.71,3.24,1
P1046,23,0.355,0.491,0.144,0.229,87.1,-2.1,3.42,4.28,1
P1047,28,0.37,0.377,0.083,0.208,93.7,6.7,2.52,4.67,0
P1048,20,0.33,0.48,0.087,0.227,85.9,-7.4,2.48,5.45,1
P1049,28,0.356,0.292,0.082,0.217,89.2,1.0,1.68,4.88,1
P1050,20,0.362,0.485,0.071,0.184,82.5,-9.5,5.53,5.94,1
P1051,23,0.351,0.44,0.074,0.272,89.7,5.4,3.73,4.73,1
P1052,23,0.375,0.54,0.131,0.235,83.8,-7.0,5.24,5.9,1
P1053,24,0.361,0.349,0.109,0.239,88.3,8.3,2.35,5.56,1
P1054,23,0.348,0.417,0.082,0.261,84.1,12.5,3.05,3.14,1
P1055,21,0.383,0.365,0.1,0.235,84.8,6.0,4.37,3.39,1
P1056,29,0.296,0.477,0.067,0.138,90.1,19.3,2.47,5.96,0
P1057,27,0.395,0.41,0.097,0.198,88.7,-3.6,2.88,4.67,1
P1058,29,0.303,0.516,0.09,0.136,91.1,7.6,4.66,5.81,0
P1059,25,0.327,0.538,0.15,0.205,89.4,0.6,4.34,5.64,1
P1060,22,0.317,0.444,0.079,0.269,92.2,8.1,3.86,4.43,1
P1061,22,0.348,0.472,0.078,0.252,85.6,1.6,4.4,3.86,1
P1062,24,0.368,0.473,0.057,0.164,91.1,-3.7,3.87,7.5,1
P1063,26,0.351,0.495,0.1,0.197,89.7,-6.4,4.86,4.78,1
P1064,21,0.318,0.363,0.085,0.262,85.8,-2.7,2.15,4.29,1
P1065,30,0.287,0.331,0.092,0.174,84.1,9.8,0.7,1.23,0
P1066,22,0.406,0.472,0.045,0.242,85.1,3.0,5.48,5.81,1
P1067,26,0.278,0.401,0.128,0.183,90.0,4.3,3.07,3.47,1
P1068,25,0.322,0.35,0.081,0.157,86.4,-2.9,2.45,3.25,1
P1069,29,0.35,0.417,0.113,0.256,86.7,8.1,3.14,3.81,1
P1070,25,0.305,0.371,0.1,0.206,93.4,5.7,3.1,4.49,1
P1071,23,0.373,0.38,0.101,0.199,91.6,-2.7,5.61,3.89,1
P1072,27,0.277,0.441,0.107,0.245,84.8,14.0,2.57,3.02,0
P1073,21,0.343,0.28,0.107,0.21,84.3,12.6,2.74,3.4,1
P1074,27,0.247,0.427,0.122,0.222,90.9,-3.5,2.57,0.24,0
P1075,23,0.393,0.474,0.107,0.191,94.5,1.4,4.3,3.95,1
P1076,23,0.417,0.41,0.035,0.234,92.4,0.5,5.0,6.1,1
P1077,27,0.291,0.427,0.091,0.202,85.7,-0.5,2.29,2.07,1
P1078,28,0.315,0.354,0.061,0.229,84.5,1.3,1.01,2.74,0
P1079,23,0.35,0.432,0.104,0.266,92.7,22.0,4.61,4.31,1
P1080,29,0.323,0.481,0.14,0.176,90.3,10.4,1.78,5.61,0
P1081,20,0.379,0.425,0.079,0.18,87.9,-2.2,3.76,4.81,0
P1082,27,0.353,0.476,0.049,0.265,85.7,-6.6,3.31,3.52,0
P1083,20,0.283,0.485,0.074,0.18,86.0,3.2,3.96,2.9,1
P1084,22,0.296,0.367,0.038,0.241,87.6,-16.2,1.2,3.71,0
P1085,24,0.299,0.415,0.11,0.217,86.7,11.4,0.74,6.39,0
P1086,22,0.309,0.455,0.074,0.216,87.0,4.5,2.21,4.93,1
P1087,22,0.326,0.41,0.055,0.255,86.0,0.2,3.93,3.12,1
P1088,30,0.321,0.43,0.101,0.264,87.8,20.9,2.48,5.13,0
P1089,24,0.354,0.406,0.092,0.234,90.0,-7.8,3.79,5.46,1
P1090,22,0.359,0.408,0.1,0.252,88.5,3.9,4.97,5.87,0
P1091,29,0.36,0.477,0.104,0.18,93.3,10.3,4.24,5.3,1
P1092,27,0.264,0.384,0.103,0.206,84.7,-2.6,1.61,1.2,0
P1093,24,0.324,0.339,0.134,0.183,86.4,-4.9,2.41,4.22,1
P1094,27,0.334,0.599,0.08,0.173,87.0,-0.4,5.05,4.06,1
P1095,30,0.307,0.541,0.121,0.193,93.1,-2.0,1.64,4.16,1
P1096,21,0.389,0.485,0.082,0.171,93.8,-2.0,5.02,6.27,1
P1097,28,0.384,0.347,0.114,0.144,87.6,-8.1,4.78,4.53,1
P1098,24,0.342,0.28,0.07,0.214,91.7,21.4,1.76,5.14,1
P1099,29,0.305,0.372,0.082,0.226,90.3,3.3,3.84,4.86,1
P1100,25,0.306,0.457,0.031,0.294,92.7,8.3,1.76,5.08,0
P1101,29,0.341,0.475,0.083,0.33,89.3,0.0,5.59,3.46,0
P1102,22,0.31,0.373,0.081,0.281,90.0,7.0,1.75,4.9,0
P1103,29,0.328,0.426,0.087,0.162,94.0,4.9,3.2,3.96,1
P1104,21,0.334,0.494,0.065,0.194,91.0,1.4,3.66,4.73,1
P1105,25,0.342,0.449,0.079,0.248,89.5,-8.1,3.08,3.58,1
P1106,27,0.404,0.425,0.078,0.275,85.5,4.4,5.14,3.91,1
P1107,26,0.277,0.538,0.064,0.153,87.3,7.9,3.29,5.62,1
P1108,27,0.272,0.335,0.062,0.17,91.9,9.2,1.25,4.08,1
P1109,30,0.322,0.326,0.074,0.187,92.3,-12.5,3.42,1.78,0
P1110,24,0.307,0.432,0.112,0.209,88.8,2.6,1.87,3.92,0
P1111,26,0.282,0.514,0.132,0.263,92.7,6.5,3.15,4.14,1
P1112,30,0.334,0.502,0.088,0.142,89.0,4.3,4.3,5.12,0
P1113,22,0.317,0.445,0.03,0.287,90.3,3.6,3.01,3.62,0
P1114,20,0.331,0.406,0.089,0.152,87.3,9.7,3.79,3.81,1
P1115,21,0.301,0.341,0.105,0.246,95.1,7.8,1.74,3.41,1
P1116,24,0.302,0.377,0.056,0.337,90.2,11.3,2.69,2.17,1
P1117,22,0.252,0.396,0.094,0.247,89.5,-1.8,1.82,2.49,0
P1118,30,0.301,0.445,0.095,0.178,88.8,8.3,2.67,4.36,1
P1119,26,0.301,0.373,0.122,0.246,89.6,-1.6,1.98,4.32,1
P1120,22,0.326,0.372,0.071,0.245,91.2,3.5,2.98,5.9,1
P1121,25,0.296,0.459,0.131,0.197,89.6,-1.4,2.28,4.63,1
P1122,25,0.358,0.399,0.101,0.154,93.5,17.7,3.1,4.82,1
P1123,25,0.324,0.314,0.074,0.19,94.8,-7.6,3.27,2.55,0
P1124,22,0.315,0.416,0.073,0.216,91.0,4.0,2.84,5.97,1
P1125,27,0.386,0.391,0.093,0.225,85.2,13.3,4.76,4.53,1
P1126,29,0.365,0.389,0.113,0.247,89.1,3.3,3.88,4.08,1
P1127,28,0.339,0.52,0.087,0.194,95.2,-0.3,4.78,4.38,0
P1128,28,0.297,0.441,0.07,0.242,90.7,-0.8,1.57,3.62,0
P1129,21,0.346,0.308,0.065,0.257,87.0,3.8,2.23,4.51,1
P1130,26,0.412,0.409,0.058,0.181,93.3,4.7,4.2,5.76,1
P1131,29,0.35,0.435,0.112,0.23,92.7,1.7,4.36,4.66,1
P1132,26,0.311,0.454,0.115,0.219,88.9,5.8,3.4,3.81,1
P1133,23,0.291,0.346,0.066,0.28,91.0,-7.8,1.49,3.16,0
P1134,20,0.286,0.484,0.09,0.237,90.0,-4.5,3.83,4.6,0
P1135,28,0.281,0.486,0.034,0.249,84.9,9.1,2.53,3.58,0
P1136,22,0.315,0.28,0.153,0.228,96.7,1.5,1.28,3.45,1
P1137,21,0.253,0.316,0.119,0.274,87.6,0.1,0.7,1.09,0
P1138,20,0.279,0.375,0.096,0.181,88.1,8.3,1.43,5.62,1
P1139,26,0.332,0.463,0.115,0.184,91.7,4.4,1.78,5.78,0
P1140,22,0.353,0.401,0.085,0.173,96.0,-3.5,2.83,6.49,1
P1141,29,0.289,0.46,0.104,0.222,83.2,5.2,3.1,4.36,1
P1142,20,0.363,0.474,0.089,0.189,89.0,3.3,4.37,5.18,0
P1143,21,0.365,0.378,0.075,0.161,90.3,4.1,3.71,4.07,1
P1144,27,0.342,0.325,0.057,0.25,94.8,2.8,1.41,5.5,0
P1145,21,0.305,0.479,0.125,0.249,88.0,0.5,3.92,2.77,1
P1146,20,0.307,0.434,0.102,0.12,86.5,-1.0,2.37,5.72,1
P1147,23,0.355,0.468,0.08,0.14,87.6,-3.4,5.6,4.24,1
P1148,26,0.292,0.391,0.105,0.214,89.5,2.5,1.61,4.23,1
P1149,26,0.301,0.363,0.079,0.275,92.1,1.4,1.07,1.61,1
P1150,29,0.337,0.411,0.08,0.26,90.5,-2.9,1.62,3.62,0
P1151,26,0.361,0.403,0.076,0.224,86.8,-11.7,3.29,1.91,0
P1152,26,0.343,0.412,0.1,0.17,93.9,5.6,1.77,5.79,1
P1153,22,0.39,0.446,0.075,0.287,87.8,-1.4,4.69,4.02,1
P1154,24,0.344,0.299,0.067,0.26,87.9,-1.3,2.65,3.05,0
P1155,24,0.35,0.347,0.045,0.2,88.0,6.8,2.75,3.97,1
P1156,22,0.31,0.394,0.066,0.189,95.8,-3.2,1.16,5.04,1
P1157,27,0.387,0.364,0.098,0.168,89.7,5.7,3.94,5.52,1
P1158,23,0.283,0.469,0.08,0.264,90.3,2.5,3.99,2.63,0
P1159,25,0.334,0.47,0.126,0.198,87.4,3.3,4.64,3.18,1
P1160,24,0.325,0.548,0.12,0.263,91.4,1.9,3.8,3.43,1
P1161,24,0.381,0.521,0.07,0.223,86.4,0.4,5.64,6.79,1
P1162,27,0.262,0.305,0.045,0.188,89.9,4.8,0.75,1.75,1
P1163,24,0.349,0.479,0.12,0.246,90.4,-6.6,4.59,4.51,1
P1164,24,0.328,0.418,0.108,0.194,86.9,15.0,3.3,4.74,1
P1165,30,0.351,0.4,0.09,0.145,90.0,1.8,4.98,3.48,1
P1166,24,0.323,0.368,0.061,0.151,89.5,-5.4,2.82,2.29,1
P1167,22,0.245,0.449,0.096,0.192,88.4,1.0,1.7,3.43,1
P1168,21,0.302,0.457,0.1,0.162,91.8,6.9,3.32,5.97,1
P1169,26,0.311,0.388,0.086,0.183,91.3,-8.1,2.01,5.5,1
P1170,29,0.319,0.379,0.089,0.225,90.7,-3.2,3.57,2.99,0
P1171,23,0.372,0.28,0.087,0.21,92.9,2.2,1.83,5.97,1
P1172,23,0.32,0.512,0.053,0.292,89.5,-16.5,4.3,3.0,0
P1173,24,0.319,0.417,0.114,0.193,89.7,6.0,4.27,6.4,1
P1174,30,0.304,0.425,0.118,0.22,85.9,1.6,2.59,3.08,1
P1175,21,0.314,0.337,0.096,0.238,87.6,-3.5,1.71,2.85,0
P1176,30,0.291,0.346,0.073,0.212,88.5,-4.0,1.73,2.38,1
P1177,20,0.389,0.37,0.057,0.232,87.6,-4.2,2.45,4.17,0
P1178,20,0.369,0.347,0.17,0.239,93.5,1.9,3.78,5.45,1
P1179,20,0.318,0.411,0.077,0.308,89.1,3.3,2.99,4.71,0
P1180,29,0.256,0.442,0.081,0.254,83.9,1.3,2.86,2.21,0
P1181,28,0.346,0.443,0.074,0.202,88.0,6.0,3.73,5.76,1
P1182,20,0.303,0.452,0.087,0.274,89.1,6.3,2.26,4.21,1
P1183,24,0.311,0.352,0.156,0.186,83.3,-2.4,0.94,2.88,0
P1184,28,0.336,0.41,0.082,0.235,90.9,12.9,3.51,4.85,1
P1185,23,0.304,0.416,0.102,0.148,94.1,7.2,2.52,2.61,0
P1186,20,0.333,0.42,0.082,0.2,93.6,5.0,3.63,4.74,1
P1187,22,0.296,0.401,0.074,0.252,85.6,7.6,2.32,4.1,1
P1188,27,0.332,0.423,0.076,0.208,94.9,2.5,2.18,4.15,1
P1189,24,0.358,0.28,0.086,0.221,87.1,-0.1,2.68,4.75,0
P1190,29,0.333,0.362,0.12,0.197,84.5,-5.1,3.21,4.91,0
P1191,30,0.302,0.42,0.091,0.147,90.6,5.5,2.71,3.07,1
P1192,21,0.304,0.37,0.095,0.293,84.1,7.6,0.98,2.1,1
P1193,27,0.266,0.327,0.098,0.16,84.4,-4.4,1.82,3.41,0
P1194,23,0.309,0.384,0.101,0.267,85.5,2.3,2.23,3.64,1
P1195,25,0.288,0.283,0.097,0.227,91.6,12.9,0.98,3.04,0
P1196,21,0.324,0.397,0.104,0.196,91.4,7.3,1.86,6.38,1
P1197,22,0.28,0.38,0.117,0.132,88.4,-0.2,1.77,3.89,0
P1198,21,0.348,0.374,0.099,0.258,86.3,15.3,3.43,5.62,1
P1199,24,0.366,0.492,0.072,0.228,92.7,-1.2,3.98,5.3,1
P1200,30,0.405,0.508,0.075,0.211,91.2,2.6,4.45,5.23,1
P1201,21,0.342,0.387,0.042,0.224,87.2,8.5,2.32,4.43,0
P1202,29,0.365,0.322,0.118,0.256,84.4,-0.3,3.33,5.52,0
P1203,20,0.348,0.462,0.102,0.285,95.3,1.5,3.02,4.64,1
P1204,26,0.309,0.476,0.081,0.155,87.4,-0.5,3.06,3.56,1
P1205,26,0.315,0.281,0.056,0.225,91.8,-1.7,1.77,3.2,1
P1206,28,0.347,0.374,0.088,0.121,97.3,1.2,2.18,6.96,1
P1207,29,0.305,0.352,0.077,0.182,85.4,4.0,3.03,1.68,1
P1208,26,0.31,0.572,0.093,0.267,92.6,8.0,4.27,4.4,0
P1209,23,0.297,0.375,0.074,0.247,87.2,-9.8,2.22,0.66,0
P1210,29,0.295,0.53,0.083,0.232,90.8,-3.6,4.11,3.8,1
P1211,25,0.357,0.467,0.088,0.243,88.9,-2.9,4.03,4.33,1
P1212,26,0.282,0.513,0.066,0.258,88.7,13.2,3.15,2.86,1
P1213,20,0.263,0.397,0.075,0.184,80.0,-2.9,1.87,1.34,0
P1214,25,0.276,0.469,0.083,0.188,81.7,-2.8,3.25,2.03,0
P1215,30,0.385,0.465,0.104,0.277,86.9,7.8,5.65,4.27,1
P1216,27,0.297,0.374,0.106,0.182,88.5,-0.9,2.92,3.78,0
P1217,21,0.403,0.396,0.059,0.224,90.9,-0.3,3.51,5.24,1
P1218,29,0.302,0.337,0.072,0.156,87.6,-1.2,0.8,3.74,1
P1219,30,0.299,0.455,0.051,0.242,87.8,12.0,1.85,2.17,0
P1220,29,0.415,0.28,0.03,0.139,88.4,-0.6,2.09,4.04,0
P1221,28,0.35,0.367,0.065,0.229,86.9,6.4,2.07,4.32,1
P1222,24,0.326,0.446,0.106,0.299,85.7,-5.3,3.92,2.93,0
P1223,21,0.347,0.451,0.138,0.168,86.1,-9.8,6.11,4.14,1
P1224,29,0.279,0.369,0.138,0.236,87.6,1.9,2.84,4.25,1
P1225,26,0.301,0.487,0.099,0.216,87.2,0.2,3.38,2.24,1
P1226,28,0.327,0.426,0.116,0.211,86.8,4.2,4.52,4.18,1
P1227,30,0.263,0.466,0.116,0.194,89.1,16.2,1.17,4.82,0
P1228,20,0.389,0.489,0.098,0.266,91.3,-5.7,5.5,2.85,1
P1229,25,0.298,0.373,0.083,0.232,94.3,-4.9,1.45,5.04,1
P1230,27,0.333,0.455,0.117,0.26,91.3,5.0,3.19,4.33,0
P1231,21,0.316,0.3,0.081,0.233,90.5,0.6,2.64,4.11,1
P1232,21,0.428,0.347,0.095,0.242,83.7,3.8,4.42,5.4,1
P1233,25,0.354,0.511,0.091,0.196,91.1,1.7,3.44,5.94,1
P1234,29,0.354,0.495,0.084,0.201,91.9,9.5,4.7,4.09,1
P1235,22,0.295,0.573,0.077,0.102,93.4,-11.5,4.44,5.76,1
P1236,23,0.256,0.387,0.094,0.236,89.5,7.9,1.82,2.21,1
P1237,20,0.383,0.414,0.08,0.261,86.3,-2.3,5.72,3.31,1
P1238,28,0.29,0.413,0.085,0.208,94.9,7.4,0.88,2.12,1
P1239,24,0.321,0.346,0.12,0.146,85.9,4.4,0.7,3.01,1
P1240,30,0.307,0.461,0.146,0.299,94.9,18.3,3.41,4.94,1
P1241,20,0.371,0.415,0.142,0.309,88.9,-6.6,3.58,4.89,1
P1242,25,0.286,0.458,0.085,0.208,86.1,-1.0,3.03,3.04,1
P1243,23,0.29,0.413,0.051,0.227,88.8,-4.3,3.22,2.27,0
P1244,22,0.319,0.492,0.065,0.221,86.4,7.7,3.59,6.8,1
P1245,27,0.281,0.427,0.072,0.264,90.9,9.2,1.53,1.03,0
P1246,29,0.35,0.41,0.104,0.26,94.2,9.4,3.28,6.74,1
P1247,29,0.302,0.397,0.123,0.233,91.2,-8.9,2.31,2.39,1
P1248,26,0.248,0.399,0.076,0.268,91.1,4.5,1.94,1.97,0
P1249,28,0.282,0.379,0.079,0.223,81.8,1.3,2.05,2.51,1
P1250,21,0.357,0.451,0.082,0.173,94.3,6.1,5.07,6.38,1
P1251,28,0.317,0.336,0.079,0.219,89.6,-2.8,2.5,1.92,1
P1252,28,0.317,0.466,0.093,0.26,88.7,-0.9,2.13,3.92,0
P1253,20,0.251,0.452,0.035,0.186,85.7,-5.9,2.19,4.26,0
P1254,30,0.323,0.456,0.091,0.197,87.1,0.2,3.96,2.95,1
P1255,30,0.324,0.328,0.03,0.226,85.9,-2.6,2.54,1.97,1
P1256,26,0.275,0.416,0.03,0.198,93.5,13.9,1.99,3.48,1
P1257,29,0.369,0.35,0.103,0.206,88.4,-2.3,3.12,3.05,1
P1258,28,0.298,0.485,0.131,0.178,90.7,7.1,4.59,4.44,0
P1259,21,0.353,0.37,0.134,0.158,87.6,3.6,3.5,4.15,1
P1260,22,0.367,0.366,0.067,0.202,87.5,11.7,3.63,6.53,1
P1261,26,0.36,0.44,0.082,0.223,90.9,2.3,2.09,4.47,0
P1262,27,0.332,0.412,0.125,0.218,89.9,1.0,4.05,3.68,0
P1263,29,0.368,0.358,0.12,0.288,88.8,2.4,4.21,6.15,1
P1264,30,0.31,0.294,0.099,0.234,90.2,4.5,2.73,2.66,0
P1265,28,0.295,0.356,0.129,0.234,91.2,6.9,1.71,4.63,1
P1266,26,0.299,0.459,0.123,0.234,92.7,5.0,2.38,4.49,1
P1267,30,0.349,0.422,0.086,0.207,88.2,6.3,2.2,5.66,0
P1268,22,0.333,0.374,0.097,0.197,91.8,-3.6,0.87,4.34,1
P1269,26,0.305,0.307,0.09,0.24,87.7,7.1,1.81,-0.21,0
P1270,20,0.26,0.399,0.099,0.218,87.5,-2.6,1.18,2.53,1
P1271,20,0.33,0.437,0.084,0.306,95.4,-8.2,2.05,5.18,1
P1272,26,0.298,0.511,0.088,0.231,90.1,10.8,2.14,4.1,1
P1273,29,0.37,0.53,0.092,0.15,85.2,-1.2,3.9,4.44,1
P1274,24,0.307,0.35,0.119,0.203,91.5,10.8,1.98,5.46,1
P1275,22,0.35,0.367,0.095,0.304,89.8,-10.1,2.43,4.7,0
P1276,30,0.371,0.493,0.132,0.169,86.0,8.0,5.7,5.33,1
P1277,24,0.248,0.45,0.082,0.203,87.8,7.5,1.11,3.62,0
P1278,26,0.309,0.384,0.077,0.204,89.7,2.1,2.48,1.09,1
P1279,29,0.368,0.37,0.069,0.229,83.6,14.1,3.35,5.13,1
P1280,29,0.319,0.313,0.104,0.235,89.6,-2.1,1.85,3.34,0
P1281,26,0.328,0.473,0.116,0.184,89.0,1.6,3.36,4.66,1
P1282,30,0.299,0.339,0.152,0.186,91.9,17.0,3.35,5.8,1
P1283,28,0.336,0.419,0.089,0.236,92.3,-6.3,3.82,3.79,0
P1284,26,0.315,0.362,0.12,0.294,90.2,-2.3,1.76,1.27,0
P1285,26,0.323,0.474,0.148,0.231,92.0,-3.6,3.75,5.33,1
P1286,27,0.368,0.43,0.114,0.151,90.3,2.2,2.93,4.95,1
P1287,21,0.255,0.431,0.088,0.19,89.9,-2.4,1.18,4.33,1
P1288,26,0.354,0.349,0.08,0.217,89.9,-1.8,3.37,5.12,1
P1289,23,0.44,0.48,0.031,0.183,84.5,-0.2,4.15,4.64,1
P1290,21,0.309,0.358,0.102,0.216,91.4,11.2,2.57,3.76,1
P1291,23,0.295,0.42,0.1,0.204,88.3,-2.3,1.36,5.3,1
P1292,29,0.272,0.315,0.088,0.221,92.3,-3.1,1.99,-0.03,0
P1293,25,0.292,0.515,0.105,0.243,89.3,1.5,1.84,5.81,1
P1294,29,0.357,0.488,0.101,0.121,85.4,0.7,3.93,5.41,1
P1295,29,0.308,0.386,0.096,0.258,87.9,-2.8,2.59,2.25,0
P1296,30,0.329,0.426,0.09,0.273,88.2,2.3,2.52,4.81,1
P1297,22,0.247,0.38,0.062,0.253,86.6,13.7,1.66,1.34,1
P1298,25,0.327,0.533,0.092,0.219,97.7,-1.9,2.59,4.83,1
P1299,27,0.316,0.419,0.103,0.232,90.8,-10.1,4.48,1.65,0
P1300,21,0.328,0.412,0.08,0.317,90.6,1.0,4.01,4.47,1
P1301,29,0.332,0.43,0.096,0.283,91.3,8.7,3.52,2.92,1
P1302,29,0.332,0.389,0.096,0.219,92.5,-0.4,2.82,4.27,0
P1303,30,0.29,0.403,0.131,0.257,90.7,3.5,2.33,4.19,1
P1304,27,0.325,0.402,0.076,0.234,97.6,11.7,2.41,2.46,0
P1305,28,0.291,0.453,0.153,0.162,88.1,5.8,3.58,2.59,1
P1306,20,0.322,0.427,0.103,0.184,87.5,-3.7,3.45,4.96,0
P1307,26,0.365,0.325,0.123,0.239,88.3,-5.9,1.5,4.98,1
P1308,24,0.301,0.297,0.08,0.161,89.8,6.8,1.02,2.04,1
P1309,30,0.287,0.332,0.036,0.251,89.9,1.0,3.71,1.77,0
P1310,21,0.375,0.397,0.123,0.246,89.2,-9.8,4.0,5.86,0
P1311,26,0.384,0.418,0.073,0.292,86.5,-1.2,3.39,5.09,1
P1312,23,0.313,0.355,0.09,0.221,88.6,6.1,1.39,3.92,0
P1313,24,0.351,0.413,0.053,0.144,90.0,2.2,4.05,6.07,1
P1314,26,0.376,0.502,0.102,0.203,89.0,-7.2,4.86,4.69,1
P1315,28,0.328,0.473,0.138,0.193,90.7,10.1,3.79,4.6,1
P1316,22,0.381,0.369,0.097,0.197,89.0,3.1,2.96,4.29,1
P1317,27,0.319,0.304,0.054,0.217,90.5,-1.2,1.93,3.83,1
P1318,24,0.334,0.427,0.062,0.14,92.3,-5.1,2.53,3.95,1
P1319,24,0.29,0.619,0.089,0.269,94.8,4.0,3.49,3.5,1
P1320,27,0.292,0.478,0.115,0.242,86.1,4.2,3.61,4.63,1
P1321,26,0.32,0.389,0.081,0.199,89.3,7.5,2.77,4.37,0
P1322,21,0.286,0.384,0.124,0.212,83.9,2.9,3.85,4.61,0
P1323,22,0.301,0.472,0.052,0.223,88.6,9.8,2.63,2.98,1
P1324,21,0.294,0.369,0.099,0.217,87.6,0.1,2.0,4.03,1
P1325,20,0.37,0.371,0.06,0.174,90.3,-9.0,4.6,4.85,0
P1326,28,0.286,0.303,0.073,0.179,88.8,3.0,3.01,1.06,0
P1327,22,0.347,0.402,0.081,0.159,93.0,3.4,3.08,5.85,1
P1328,29,0.303,0.459,0.102,0.242,91.0,-2.4,2.07,5.69,0
P1329,29,0.318,0.437,0.062,0.184,90.1,-0.1,2.92,3.87,1
P1330,22,0.308,0.349,0.125,0.197,92.7,3.0,2.86,4.75,1
P1331,24,0.286,0.336,0.063,0.15,86.7,6.0,2.61,3.27,0
P1332,30,0.396,0.504,0.084,0.219,89.1,6.9,6.42,4.85,0
P1333,24,0.341,0.563,0.085,0.176,89.8,3.3,4.09,6.19,1
P1334,22,0.297,0.406,0.124,0.18,96.0,-15.4,1.78,5.07,0
P1335,30,0.275,0.409,0.105,0.124,86.9,13.1,2.86,3.63,1
P1336,25,0.29,0.28,0.114,0.263,91.0,-2.5,1.23,4.08,0
P1337,29,0.328,0.469,0.099,0.225,84.8,5.4,2.12,4.28,0
P1338,25,0.313,0.452,0.076,0.231,88.2,-9.1,2.74,3.65,0
P1339,27,0.326,0.545,0.072,0.126,88.6,16.6,3.73,4.08,0
P1340,25,0.281,0.426,0.069,0.135,86.6,7.1,3.86,2.53,1
P1341,22,0.306,0.357,0.118,0.287,93.6,8.9,3.03,2.76,1
P1342,21,0.317,0.407,0.059,0.198,95.4,6.8,1.83,3.55,1
P1343,25,0.292,0.522,0.068,0.212,92.5,3.0,3.9,5.42,1
P1344,27,0.321,0.427,0.082,0.218,83.5,8.7,3.58,2.91,0
P1345,28,0.307,0.43,0.078,0.225,96.4,5.8,1.58,4.5,1
P1346,24,0.346,0.497,0.081,0.22,88.9,2.5,3.89,7.04,1
P1347,24,0.323,0.459,0.121,0.168,91.9,-9.1,2.81,4.99,1
P1348,25,0.369,0.455,0.074,0.257,89.5,6.9,4.74,5.48,1
P1349,21,0.389,0.386,0.08,0.191,89.1,2.5,6.42,6.79,1
P1350,21,0.32,0.479,0.071,0.211,88.0,7.3,3.41,3.54,0
P1351,22,0.29,0.441,0.075,0.155,90.0,18.4,3.9,3.56,1
P1352,30,0.318,0.414,0.123,0.142,84.1,-8.4,3.54,2.9,1
P1353,20,0.364,0.349,0.095,0.257,89.4,-5.8,2.64,5.01,1
P1354,20,0.346,0.517,0.064,0.156,90.2,-0.9,3.9,6.61,1
P1355,21,0.306,0.452,0.111,0.143,90.8,-7.8,4.15,4.69,1
P1356,29,0.307,0.362,0.129,0.172,86.7,-1.5,2.02,3.25,0
P1357,24,0.317,0.438,0.1,0.237,89.8,7.8,3.87,4.9,0
P1358,27,0.292,0.397,0.083,0.207,90.3,8.4,1.84,6.24,1
P1359,23,0.289,0.412,0.071,0.19,91.7,-7.3,1.59,4.47,1
P1360,24,0.284,0.408,0.115,0.172,91.5,5.8,2.13,4.84,0
P1361,20,0.315,0.565,0.054,0.205,88.9,-7.5,4.98,4.31,1
P1362,30,0.286,0.477,0.109,0.176,88.9,-2.9,2.56,4.6,0
P1363,20,0.34,0.391,0.133,0.183,93.2,13.3,4.2,5.56,1
P1364,29,0.36,0.533,0.088,0.195,94.4,4.9,3.64,6.52,1
P1365,21,0.352,0.447,0.118,0.174,93.5,-8.8,2.33,5.14,0
P1366,23,0.301,0.28,0.085,0.194,84.9,3.2,1.21,2.4,0
P1367,21,0.389,0.385,0.109,0.256,89.8,1.2,4.79,5.58,1
P1368,29,0.312,0.411,0.088,0.2,90.5,15.3,3.08,4.79,1
P1369,23,0.364,0.472,0.058,0.295,90.3,-6.9,4.63,5.33,1
P1370,29,0.287,0.323,0.089,0.194,91.6,-2.2,3.09,0.91,1
P1371,29,0.321,0.426,0.101,0.102,88.7,12.2,2.58,5.1,1
P1372,27,0.389,0.554,0.108,0.216,92.2,5.4,6.39,4.16,1
P1373,30,0.326,0.496,0.107,0.25,90.2,1.4,3.08,3.52,1
P1374,27,0.323,0.479,0.088,0.217,86.6,3.0,3.93,3.92,1
P1375,27,0.346,0.33,0.094,0.135,92.5,7.5,1.66,3.83,1
P1376,24,0.269,0.487,0.112,0.205,95.5,5.6,4.13,2.09,0
P1377,22,0.368,0.462,0.068,0.141,91.5,-6.6,4.53,4.01,1
P1378,24,0.304,0.413,0.092,0.259,87.8,8.9,3.24,2.74,1
P1379,27,0.314,0.463,0.132,0.244,83.6,-11.0,4.14,4.33,0
P1380,29,0.384,0.422,0.091,0.232,93.2,9.9,4.77,4.49,1
P1381,24,0.347,0.529,0.105,0.268,91.1,-3.2,4.15,5.38,1
P1382,26,0.3,0.438,0.042,0.183,90.5,5.9,3.36,1.28,0
P1383,27,0.304,0.386,0.14,0.221,89.1,-6.0,1.95,5.11,1
P1384,20,0.313,0.462,0.07,0.204,90.7,-2.9,2.93,6.1,0
P1385,20,0.312,0.28,0.079,0.177,91.7,0.6,2.32,1.8,0
P1386,21,0.336,0.482,0.134,0.203,86.6,7.7,2.58,4.58,1
P1387,23,0.363,0.553,0.068,0.151,87.1,-2.2,4.25,5.49,1
P1388,20,0.293,0.393,0.082,0.141,88.3,6.1,2.34,2.07,0
P1389,28,0.324,0.42,0.036,0.177,90.2,6.8,4.24,3.88,0
P1390,26,0.343,0.406,0.06,0.218,91.1,8.4,3.84,5.12,1
P1391,20,0.357,0.381,0.087,0.232,90.9,-4.2,3.97,3.69,1
P1392,21,0.294,0.421,0.091,0.216,91.1,-5.9,1.91,3.97,1
P1393,27,0.266,0.53,0.097,0.321,89.1,11.8,3.29,3.83,1
P1394,27,0.337,0.347,0.072,0.264,87.1,5.2,1.74,4.48,0
P1395,23,0.379,0.316,0.044,0.199,88.4,-5.2,4.15,4.18,1
P1396,27,0.343,0.347,0.129,0.257,85.1,-6.7,2.45,0.96,0
P1397,25,0.314,0.311,0.08,0.175,86.5,6.9,2.02,4.99,1
P1398,21,0.283,0.353,0.072,0.242,82.8,6.3,1.73,4.39,1
P1399,30,0.376,0.413,0.104,0.196,91.3,15.3,3.37,5.26,1
P1400,26,0.277,0.546,0.07,0.234,91.9,-2.9,2.57,3.9,1
P1401,30,0.337,0.501,0.064,0.169,92.1,-4.9,3.9,5.57,1
P1402,25,0.371,0.44,0.136,0.281,87.9,-10.2,4.02,4.36,1
P1403,21,0.332,0.356,0.107,0.211,92.3,1.0,3.49,4.56,1
P1404,24,0.33,0.493,0.082,0.251,90.9,-6.4,2.79,3.95,1
P1405,23,0.363,0.412,0.073,0.237,87.9,7.6,3.94,2.86,1
P1406,23,0.272,0.453,0.087,0.1,88.5,-0.4,3.24,4.58,1
P1407,20,0.304,0.319,0.098,0.237,87.9,13.9,2.5,4.75,1
P1408,22,0.299,0.456,0.119,0.234,88.9,7.3,1.84,6.04,1
P1409,25,0.363,0.463,0.071,0.146,89.7,-2.8,4.05,6.84,1
P1410,27,0.356,0.493,0.093,0.284,90.1,-5.2,3.7,4.07,1
P1411,30,0.313,0.446,0.054,0.243,91.1,-2.1,2.76,3.34,0
P1412,23,0.393,0.489,0.089,0.173,88.6,3.0,5.91,3.05,1
P1413,26,0.36,0.431,0.095,0.253,91.3,5.1,4.13,4.12,1
P1414,24,0.32,0.412,0.086,0.2,89.6,-2.6,3.05,2.82,0
P1415,21,0.318,0.459,0.078,0.201,87.4,7.8,2.83,5.79,1
P1416,22,0.36,0.414,0.078,0.252,94.4,-3.3,3.86,4.44,1
P1417,24,0.354,0.515,0.078,0.21,86.8,14.6,4.04,4.66,1
P1418,27,0.328,0.36,0.083,0.17,85.7,9.5,3.44,4.45,1
P1419,24,0.331,0.419,0.044,0.222,93.6,-2.1,5.46,3.18,0
P1420,27,0.347,0.367,0.138,0.237,86.1,0.8,3.65,3.24,1
P1421,22,0.333,0.396,0.09,0.254,90.4,5.3,3.91,3.86,1
P1422,20,0.369,0.481,0.129,0.238,85.4,4.0,5.32,5.49,1
P1423,28,0.346,0.395,0.088,0.203,93.6,-6.0,3.62,5.23,1
P1424,27,0.31,0.332,0.07,0.252,88.0,-3.3,2.34,1.37,0
P1425,29,0.274,0.46,0.069,0.152,92.0,-9.2,2.2,4.77,1
P1426,30,0.289,0.436,0.138,0.2,89.5,-3.7,3.08,2.7,0
P1427,25,0.299,0.351,0.049,0.207,81.0,-5.0,3.38,2.31,0
P1428,30,0.314,0.558,0.11,0.252,91.7,0.8,3.32,4.1,1
P1429,20,0.36,0.38,0.05,0.227,86.3,10.9,2.63,4.97,1
P1430,21,0.302,0.454,0.085,0.22,90.8,-1.4,3.32,2.73,1
P1431,29,0.32,0.421,0.118,0.248,87.6,7.0,3.39,5.68,1
P1432,24,0.318,0.478,0.09,0.177,89.5,8.5,4.01,6.54,0
P1433,27,0.363,0.482,0.073,0.19,90.5,8.3,4.9,3.45,1
P1434,21,0.318,0.38,0.072,0.231,97.6,5.7,1.69,4.99,1
P1435,30,0.306,0.33,0.071,0.216,89.2,0.9,2.04,1.81,1
P1436,21,0.312,0.471,0.102,0.224,86.9,-2.1,2.99,3.85,1
P1437,29,0.313,0.375,0.07,0.192,86.3,-5.3,3.69,1.46,0
P1438,26,0.343,0.305,0.114,0.185,83.4,9.5,3.79,3.46,1
P1439,24,0.342,0.28,0.114,0.203,87.5,6.6,2.16,3.38,1
P1440,23,0.338,0.538,0.045,0.279,88.5,7.1,4.64,7.5,1
P1441,28,0.343,0.513,0.125,0.236,88.9,-5.7,5.17,4.62,1
P1442,20,0.339,0.454,0.046,0.235,94.0,-7.4,2.94,4.33,1
P1443,28,0.315,0.427,0.085,0.148,86.7,-7.8,2.26,4.91,0
P1444,21,0.344,0.363,0.096,0.184,86.1,5.6,2.12,4.27,0
P1445,23,0.34,0.35,0.094,0.169,89.9,-0.8,2.69,2.76,1
P1446,28,0.304,0.435,0.135,0.202,90.3,-10.1,5.13,2.77,0
P1447,24,0.278,0.511,0.094,0.169,82.8,-8.6,2.44,5.87,1
P1448,24,0.305,0.485,0.09,0.245,88.7,8.5,4.31,4.93,1
P1449,22,0.309,0.479,0.121,0.224,89.4,-9.4,4.54,3.78,1
P1450,24,0.28,0.311,0.086,0.216,90.2,1.7,0.7,1.32,1
P1451,20,0.254,0.516,0.088,0.255,85.9,-7.7,3.27,2.02,0
P1452,22,0.319,0.452,0.097,0.2,89.5,-5.6,2.6,4.84,1
P1453,21,0.348,0.351,0.053,0.16,90.3,13.0,4.29,6.28,1
P1454,20,0.325,0.491,0.108,0.227,91.3,8.4,4.04,5.79,1
P1455,30,0.329,0.561,0.103,0.18,89.0,1.6,3.83,2.93,0
P1456,26,0.287,0.556,0.036,0.155,89.4,6.5,4.09,3.17,1
P1457,21,0.325,0.337,0.095,0.175,91.6,-1.2,2.99,3.98,1
P1458,26,0.35,0.429,0.08,0.192,87.3,0.2,4.48,5.22,1
P1459,29,0.323,0.393,0.103,0.193,85.4,2.5,3.28,4.25,1
P1460,27,0.299,0.537,0.073,0.227,85.7,4.6,4.2,2.15,0
P1461,27,0.351,0.415,0.106,0.205,95.1,5.9,2.35,4.4,1
P1462,29,0.303,0.378,0.092,0.213,84.3,1.8,1.67,3.57,0
P1463,24,0.32,0.408,0.135,0.177,85.3,-0.5,3.17,4.84,1
P1464,28,0.286,0.431,0.106,0.173,88.3,5.4,1.8,5.29,1
P1465,21,0.331,0.362,0.081,0.216,91.3,2.3,3.38,5.58,0
P1466,30,0.338,0.326,0.069,0.283,92.3,-1.5,3.15,3.48,0
P1467,24,0.325,0.445,0.043,0.187,90.5,6.7,3.74,5.85,1
P1468,30,0.297,0.306,0.093,0.338,87.1,14.4,0.7,1.21,0
P1469,24,0.309,0.484,0.13,0.209,91.6,-4.5,3.08,4.02,1
P1470,23,0.333,0.436,0.042,0.165,86.8,7.8,4.28,4.52,1
P1471,22,0.322,0.437,0.126,0.202,88.4,-6.5,2.66,3.32,1
P1472,26,0.317,0.518,0.128,0.219,89.4,1.1,3.69,2.94,1
P1473,23,0.39,0.45,0.067,0.261,92.8,-6.8,4.89,3.82,1
P1474,26,0.412,0.333,0.078,0.261,91.7,3.2,3.92,5.98,0
P1475,20,0.33,0.36,0.086,0.187,92.2,7.0,1.69,5.4,1
P1476,29,0.358,0.542,0.126,0.183,81.8,6.6,2.38,4.5,1
P1477,29,0.321,0.471,0.075,0.21,93.0,-4.6,2.2,2.91,1
P1478,28,0.356,0.434,0.095,0.208,89.2,-10.0,3.5,5.12,0
P1479,29,0.379,0.5,0.083,0.25,88.1,-1.0,4.68,6.32,1
P1480,30,0.337,0.522,0.064,0.223,87.2,8.7,4.5,3.74,1
P1481,25,0.313,0.407,0.078,0.248,89.6,5.9,3.39,5.83,0
P1482,23,0.332,0.446,0.071,0.184,80.0,0.3,2.9,3.97,0
P1483,23,0.338,0.404,0.096,0.257,93.5,10.6,3.28,5.72,1
P1484,23,0.314,0.293,0.143,0.205,94.1,-10.0,2.51,4.83,0
P1485,22,0.332,0.28,0.086,0.177,91.7,18.5,2.79,3.82,1
P1486,27,0.297,0.522,0.064,0.132,90.9,-0.1,4.39,3.89,0
P1487,21,0.35,0.372,0.079,0.1,92.8,-1.4,2.54,5.23,1
P1488,26,0.351,0.545,0.066,0.196,86.2,4.0,4.83,4.61,1
P1489,20,0.315,0.28,0.053,0.202,92.4,9.7,2.31,3.94,1
P1490,28,0.335,0.499,0.087,0.146,92.5,9.8,3.09,4.25,1
P1491,29,0.374,0.612,0.116,0.132,92.1,-7.6,3.99,7.5,1
P1492,26,0.306,0.367,0.073,0.203,91.6,-6.9,3.15,4.02,1
P1493,27,0.352,0.436,0.081,0.248,91.8,-5.1,2.98,4.34,1
P1494,24,0.324,0.365,0.087,0.229,85.1,-0.9,2.42,3.66,0
P1495,26,0.34,0.423,0.094,0.31,88.2,-1.8,2.39,3.44,0
P1496,29,0.305,0.354,0.067,0.2,92.8,14.6,2.0,4.05,1
P1497,23,0.399,0.29,0.113,0.142,93.6,-2.3,2.78,4.73,1
P1498,27,0.304,0.424,0.094,0.244,94.2,11.6,3.01,3.42,1
P1499,29,0.363,0.476,0.118,0.213,90.5,1.4,4.12,3.21,1
P1500,27,0.298,0.366,0.042,0.291,85.9,5.1,3.14,1.28,0
P1501,30,0.285,0.512,0.094,0.18,86.4,9.7,3.29,3.78,0
P1502,27,0.326,0.313,0.114,0.281,97.2,12.1,2.09,4.22,1
P1503,27,0.318,0.447,0.09,0.183,83.7,-2.1,3.67,2.95,0
P1504,21,0.303,0.344,0.051,0.166,84.8,11.4,2.02,2.65,1
P1505,23,0.299,0.455,0.133,0.192,90.2,-1.2,4.06,3.74,1
P1506,26,0.305,0.477,0.088,0.142,89.8,4.3,2.37,5.95,1
P1507,28,0.359,0.309,0.125,0.174,97.6,5.9,3.54,4.94,1
P1508,21,0.331,0.45,0.039,0.233,92.6,8.4,2.89,4.54,1
P1509,23,0.335,0.38,0.113,0.141,86.3,-3.7,2.74,2.31,0
P1510,21,0.343,0.421,0.06,0.19,87.4,-10.6,4.57,1.31,0
P1511,26,0.343,0.413,0.076,0.207,86.8,3.9,3.41,4.3,1
P1512,22,0.364,0.582,0.089,0.248,84.8,-1.5,5.23,3.35,1
P1513,25,0.344,0.362,0.096,0.272,85.4,0.6,2.51,3.74,1
P1514,28,0.27,0.388,0.095,0.228,83.5,0.9,3.26,0.79,0
P1515,29,0.313,0.399,0.089,0.245,87.9,-3.9,3.19,2.51,1
P1516,29,0.35,0.335,0.106,0.262,91.9,17.8,2.09,3.74,1
P1517,23,0.371,0.557,0.088,0.26,86.2,10.5,6.23,5.78,1
P1518,24,0.327,0.409,0.12,0.215,90.4,1.1,3.33,3.96,1
P1519,22,0.332,0.471,0.079,0.307,87.4,21.9,3.38,5.85,1
P1520,29,0.317,0.298,0.13,0.266,87.8,-0.5,1.07,3.7,0
P1521,22,0.35,0.405,0.083,0.246,85.9,0.4,3.35,4.59,1
P1522,22,0.366,0.426,0.089,0.221,88.6,-4.8,3.63,5.76,1
P1523,21,0.327,0.342,0.11,0.149,92.9,2.4,2.33,5.05,1
P1524,25,0.336,0.447,0.075,0.222,90.9,-6.1,3.5,4.94,1
P1525,25,0.298,0.428,0.085,0.178,88.8,7.7,1.64,5.33,1
P1526,22,0.293,0.316,0.114,0.262,92.8,-6.4,1.64,2.35,1
P1527,26,0.34,0.488,0.054,0.233,88.9,9.6,2.7,5.24,1
P1528,29,0.364,0.389,0.081,0.228,89.2,-7.0,3.01,5.68,1
P1529,22,0.311,0.475,0.084,0.184,87.7,-1.1,4.33,2.9,0
P1530,28,0.317,0.442,0.061,0.201,85.8,11.5,3.31,4.49,1
P1531,29,0.328,0.449,0.086,0.162,86.9,8.8,2.49,4.84,1
P1532,21,0.312,0.47,0.134,0.187,90.7,-14.7,2.87,3.89,1
P1533,22,0.315,0.541,0.063,0.233,84.2,5.3,4.7,4.39,0
P1534,27,0.358,0.457,0.086,0.258,89.2,-0.2,2.15,5.31,1
P1535,24,0.371,0.476,0.068,0.194,90.9,19.6,4.07,6.46,1
P1536,26,0.348,0.356,0.03,0.183,92.5,5.3,2.82,2.99,1
P1537,29,0.316,0.37,0.11,0.272,88.6,-0.9,2.25,1.54,1
P1538,24,0.361,0.52,0.068,0.134,92.4,-3.1,4.5,6.29,1
P1539,29,0.35,0.47,0.07,0.207,92.2,-4.5,4.4,4.37,1
P1540,24,0.289,0.297,0.085,0.24,87.6,22.0,1.56,1.25,1
P1541,25,0.342,0.488,0.076,0.254,88.6,-0.5,4.92,4.58,1
P1542,28,0.354,0.375,0.09,0.241,93.1,17.8,3.3,4.25,1
P1543,30,0.332,0.469,0.084,0.176,95.8,9.0,2.71,4.3,1
P1544,26,0.398,0.491,0.093,0.177,86.4,13.5,4.87,4.02,1
P1545,25,0.358,0.407,0.075,0.232,82.8,5.7,3.56,2.54,0
P1546,29,0.357,0.46,0.105,0.188,84.5,4.7,4.35,4.8,1
P1547,24,0.337,0.331,0.097,0.272,86.2,2.8,3.0,2.46,1
P1548,25,0.357,0.394,0.078,0.267,90.4,1.9,1.8,4.91,1
P1549,24,0.292,0.391,0.074,0.178,87.5,2.0,2.65,1.89,0
P1550,27,0.28,0.427,0.073,0.271,82.1,-4.8,3.47,3.17,1
P1551,29,0.353,0.385,0.087,0.192,89.8,-0.2,1.31,4.89,0
P1552,20,0.26,0.338,0.121,0.25,89.8,12.7,0.7,2.72,0
P1553,23,0.36,0.513,0.105,0.298,89.2,-10.7,4.81,6.09,1
P1554,25,0.302,0.428,0.111,0.207,88.2,9.6,2.57,4.17,1
P1555,20,0.354,0.328,0.087,0.175,91.9,12.9,2.7,5.3,1
P1556,29,0.27,0.603,0.098,0.201,85.4,7.0,3.87,3.81,0
P1557,30,0.304,0.387,0.126,0.267,87.9,2.6,2.36,4.68,1
P1558,28,0.368,0.362,0.055,0.229,94.2,-5.5,2.89,5.18,0
P1559,24,0.377,0.511,0.082,0.104,85.5,10.1,4.86,4.83,1
P1560,21,0.371,0.329,0.116,0.2,88.6,-2.6,4.09,3.49,1
P1561,25,0.345,0.358,0.076,0.227,88.5,-1.7,1.87,5.67,0
P1562,26,0.273,0.369,0.039,0.287,89.4,-3.4,0.95,0.9,1
P1563,21,0.347,0.472,0.149,0.3,92.9,3.1,5.86,6.09,1
P1564,28,0.318,0.392,0.096,0.277,89.9,-3.4,2.72,2.99,0
P1565,30,0.319,0.41,0.053,0.206,87.8,0.3,2.95,4.19,0
P1566,25,0.313,0.28,0.117,0.183,89.7,9.8,1.15,4.91,1
P1567,24,0.387,0.448,0.09,0.269,86.2,-6.1,6.23,3.84,1
P1568,26,0.382,0.431,0.133,0.213,86.5,-0.2,4.96,4.79,1
P1569,26,0.32,0.375,0.111,0.153,87.2,8.0,2.76,4.7,1
P1570,24,0.334,0.461,0.134,0.17,88.3,10.8,3.1,6.01,1
P1571,21,0.323,0.485,0.056,0.289,85.4,3.9,3.46,4.81,1
P1572,22,0.291,0.501,0.075,0.17,87.8,3.5,2.79,5.96,1
P1573,28,0.324,0.314,0.037,0.146,86.1,7.0,2.48,2.79,1
P1574,30,0.361,0.467,0.067,0.131,91.0,8.8,5.03,4.8,1
P1575,29,0.295,0.578,0.067,0.157,86.2,-3.3,4.19,2.92,1
P1576,26,0.309,0.395,0.083,0.201,89.5,0.3,2.16,5.66,1
P1577,24,0.391,0.371,0.076,0.266,86.2,-0.6,5.13,6.81,1
P1578,25,0.341,0.406,0.136,0.281,86.3,-1.5,3.46,4.57,1
P1579,24,0.272,0.346,0.085,0.188,89.1,2.1,2.85,2.59,0
P1580,21,0.351,0.501,0.03,0.166,91.6,8.7,5.71,3.62,1
P1581,29,0.384,0.464,0.08,0.189,86.4,3.1,3.99,6.0,1
P1582,25,0.32,0.561,0.113,0.233,86.5,6.9,3.79,5.18,1
P1583,20,0.301,0.395,0.068,0.226,94.4,1.2,2.74,4.22,1
P1584,28,0.339,0.407,0.088,0.261,85.5,-1.7,3.25,3.04,0
P1585,30,0.361,0.432,0.076,0.129,91.2,-2.0,3.97,4.4,1
P1586,28,0.317,0.334,0.098,0.311,88.7,-5.3,2.75,1.97,0
P1587,21,0.316,0.438,0.108,0.117,89.4,-6.4,2.1,4.92,1
P1588,23,0.24,0.337,0.07,0.202,90.7,2.2,1.57,3.82,0
P1589,25,0.256,0.399,0.098,0.172,94.4,-8.5,2.94,5.88,1
P1590,24,0.279,0.477,0.102,0.256,88.3,-3.7,3.09,2.88,0
P1591,20,0.33,0.43,0.048,0.287,92.7,-6.8,1.5,5.7,1
P1592,24,0.36,0.474,0.104,0.218,92.5,-12.1,3.81,6.25,1
P1593,20,0.35,0.339,0.069,0.233,84.9,-11.0,2.72,4.06,1
P1594,20,0.359,0.392,0.078,0.29,93.4,-3.2,3.25,4.95,1
P1595,26,0.295,0.329,0.103,0.298,85.5,0.2,1.84,0.56,0
P1596,22,0.308,0.394,0.089,0.16,88.4,7.7,3.58,2.84,1
P1597,24,0.287,0.405,0.116,0.2,87.7,8.3,2.73,2.68,1
P1598,26,0.298,0.466,0.107,0.219,85.8,5.3,2.77,5.46,0
P1599,24,0.36,0.39,0.035,0.191,82.0,5.1,5.77,3.15,0
P1600,30,0.331,0.394,0.097,0.101,85.0,-7.0,2.28,3.53,0
P1601,21,0.316,0.402,0.046,0.225,91.7,-0.8,2.95,5.84,0
P1602,20,0.304,0.362,0.102,0.224,89.6,10.7,1.84,5.07,1
P1603,21,0.345,0.44,0.077,0.2,87.7,17.8,4.62,4.64,1
P1604,30,0.361,0.39,0.105,0.218,87.0,6.6,3.61,5.07,0
P1605,24,0.364,0.302,0.098,0.182,86.9,8.0,2.41,5.31,1
P1606,27,0.309,0.469,0.086,0.145,87.1,-10.2,2.13,3.68,0
P1607,23,0.386,0.436,0.031,0.274,90.2,5.9,4.41,6.54,1
P1608,25,0.348,0.521,0.067,0.268,90.6,15.7,4.11,3.88,1
P1609,28,0.301,0.46,0.086,0.35,89.8,4.6,2.61,4.69,1
P1610,26,0.322,0.343,0.115,0.221,84.0,4.3,1.97,3.08,0
P1611,26,0.37,0.494,0.079,0.22,88.0,15.9,5.88,4.93,1
P1612,23,0.376,0.28,0.077,0.232,90.2,-3.2,3.6,5.23,1
P1613,21,0.309,0.432,0.054,0.264,93.4,5.2,1.91,6.1,1
P1614,27,0.288,0.472,0.144,0.194,87.8,11.0,3.66,4.66,1
P1615,27,0.302,0.395,0.083,0.214,88.2,7.3,3.08,2.86,1
P1616,20,0.337,0.431,0.076,0.228,91.4,3.7,2.36,6.15,1
P1617,26,0.301,0.311,0.078,0.268,85.8,-10.9,1.53,1.54,0
P1618,27,0.335,0.396,0.087,0.171,86.3,-10.3,2.99,4.97,1
P1619,21,0.38,0.447,0.067,0.219,94.7,12.8,5.22,5.09,1
P1620,29,0.355,0.387,0.099,0.146,88.3,-6.8,3.63,2.5,0
P1621,27,0.342,0.415,0.03,0.322,87.0,11.5,2.89,3.68,0
P1622,30,0.303,0.379,0.06,0.277,90.8,-6.4,2.35,2.73,0
P1623,27,0.374,0.415,0.095,0.192,88.2,6.5,4.92,3.79,1
P1624,30,0.28,0.496,0.117,0.234,85.5,2.9,1.94,3.98,0
P1625,21,0.325,0.377,0.103,0.23,88.3,8.4,2.55,3.18,0
P1626,28,0.344,0.507,0.088,0.161,94.7,5.8,4.57,4.27,1
P1627,21,0.369,0.426,0.13,0.286,87.0,-0.2,4.31,6.22,1
P1628,20,0.259,0.415,0.085,0.245,90.7,-9.0,3.61,2.43,0
P1629,22,0.27,0.465,0.085,0.218,89.7,-16.7,3.65,3.01,1
P1630,23,0.305,0.512,0.083,0.229,90.5,4.8,3.77,5.65,1
P1631,25,0.404,0.46,0.08,0.142,85.3,5.3,5.33,6.36,1
P1632,29,0.323,0.387,0.091,0.226,92.3,2.8,3.88,4.54,1
P1633,23,0.344,0.374,0.07,0.303,91.5,2.6,2.92,6.8,1
P1634,22,0.38,0.337,0.117,0.286,93.2,-7.9,3.23,4.9,1
P1635,22,0.274,0.554,0.061,0.336,90.3,0.5,2.69,2.7,0
P1636,30,0.308,0.379,0.058,0.187,88.7,0.4,2.6,2.91,1
P1637,26,0.329,0.361,0.125,0.286,85.8,1.8,1.66,3.24,1
P1638,30,0.349,0.453,0.096,0.218,85.0,3.1,3.06,3.58,1
P1639,22,0.332,0.454,0.11,0.243,88.3,-3.9,3.07,3.21,1
P1640,28,0.302,0.49,0.065,0.256,90.8,-8.1,2.1,4.7,1
P1641,22,0.32,0.502,0.121,0.2,88.2,0.6,4.82,5.0,1
P1642,24,0.337,0.313,0.055,0.223,91.6,-4.1,2.24,2.39,0
P1643,20,0.306,0.507,0.109,0.162,87.7,-5.1,2.37,5.79,1
P1644,21,0.327,0.344,0.114,0.18,88.2,-2.7,1.91,5.44,1
P1645,30,0.31,0.493,0.085,0.201,93.1,10.0,4.34,4.25,1
P1646,29,0.307,0.396,0.042,0.264,86.9,-1.9,1.12,2.59,0
P1647,21,0.265,0.436,0.085,0.19,85.9,2.7,2.53,4.87,1
P1648,24,0.333,0.382,0.126,0.24,88.1,6.0,2.05,4.68,1
P1649,24,0.294,0.412,0.089,0.255,87.3,-9.0,2.24,3.98,0
P1650,28,0.323,0.354,0.063,0.184,90.3,2.9,3.7,5.54,0
P1651,30,0.298,0.426,0.119,0.237,92.6,-1.3,2.27,4.36,0
P1652,27,0.28,0.49,0.15,0.201,88.2,1.8,2.31,3.17,1
P1653,29,0.295,0.42,0.131,0.186,90.9,2.0,1.89,4.18,1
P1654,23,0.304,0.312,0.105,0.176,91.4,-0.1,2.49,2.96,1
P1655,28,0.324,0.473,0.088,0.172,91.2,4.4,3.05,2.52,1
P1656,27,0.321,0.427,0.087,0.216,89.3,11.0,2.33,3.41,1
P1657,27,0.306,0.457,0.111,0.298,86.9,10.5,2.8,2.79,1
P1658,28,0.326,0.459,0.11,0.197,85.3,-2.8,3.21,3.42,1
P1659,27,0.329,0.442,0.101,0.132,84.1,1.8,4.17,3.79,1
P1660,22,0.328,0.381,0.079,0.178,83.1,14.1,2.33,5.07,0
P1661,28,0.364,0.443,0.106,0.25,94.6,-1.8,3.02,4.44,0
P1662,20,0.323,0.455,0.102,0.141,90.6,-3.3,3.69,5.36,1
P1663,23,0.334,0.487,0.111,0.296,87.0,2.6,2.29,4.58,1
P1664,26,0.328,0.413,0.066,0.182,93.8,0.7,3.41,4.55,1
P1665,20,0.324,0.348,0.152,0.283,89.1,6.3,3.2,5.31,1
P1666,21,0.31,0.542,0.133,0.232,90.8,-9.0,3.7,5.65,1
P1667,30,0.299,0.514,0.053,0.142,92.3,-4.3,2.28,3.26,1
P1668,24,0.279,0.408,0.081,0.19,90.5,1.9,2.85,4.21,1
P1669,25,0.337,0.631,0.096,0.249,92.8,4.9,4.92,5.2,1
P1670,25,0.315,0.36,0.091,0.281,85.0,-1.1,2.44,4.46,0
P1671,26,0.317,0.31,0.064,0.299,90.3,2.4,1.9,3.82,1
P1672,25,0.35,0.47,0.102,0.228,89.4,5.1,4.38,5.9,1
P1673,27,0.352,0.447,0.106,0.173,90.1,18.6,4.13,5.62,1
P1674,29,0.349,0.473,0.088,0.135,89.6,3.9,4.1,3.53,1
P1675,28,0.37,0.558,0.066,0.241,88.9,7.8,5.89,5.01,1
P1676,27,0.337,0.429,0.092,0.244,91.6,-2.4,5.02,2.68,1
P1677,30,0.299,0.441,0.112,0.229,95.5,8.7,3.26,6.68,0
P1678,27,0.351,0.398,0.139,0.181,87.7,-8.0,3.3,4.16,1
P1679,20,0.348,0.508,0.096,0.21,91.9,1.6,3.25,4.24,1
P1680,24,0.367,0.421,0.112,0.31,88.7,2.4,3.57,5.09,1
P1681,25,0.319,0.466,0.109,0.201,90.7,-1.8,2.42,4.82,1
P1682,23,0.348,0.484,0.115,0.172,88.2,11.8,3.12,5.65,1
P1683,30,0.283,0.303,0.059,0.168,89.7,3.9,2.19,2.48,1
P1684,25,0.346,0.469,0.134,0.185,89.5,-6.1,4.56,6.24,1
P1685,30,0.348,0.438,0.107,0.299,85.5,6.3,3.78,3.31,1
P1686,30,0.377,0.565,0.062,0.228,88.8,4.2,4.86,6.02,1
P1687,27,0.377,0.396,0.097,0.176,93.4,-4.0,2.58,5.46,1
P1688,24,0.339,0.483,0.076,0.213,87.1,12.8,4.75,5.51,1
P1689,22,0.368,0.439,0.083,0.156,91.7,9.2,5.41,4.6,1
P1690,24,0.344,0.337,0.107,0.178,88.9,12.7,2.4,4.57,1
P1691,28,0.335,0.383,0.062,0.259,94.6,8.5,2.05,4.89,1
P1692,26,0.38,0.535,0.09,0.177,83.7,0.7,4.5,4.95,1
P1693,26,0.339,0.346,0.094,0.283,85.1,7.7,3.84,1.71,1
P1694,30,0.353,0.39,0.078,0.184,91.9,6.4,2.37,6.03,1
P1695,28,0.319,0.531,0.078,0.21,84.6,10.9,4.82,5.75,1
P1696,27,0.313,0.28,0.11,0.259,93.9,4.2,1.5,3.62,0
P1697,20,0.347,0.329,0.073,0.213,86.6,-2.7,2.43,2.2,0
P1698,23,0.296,0.402,0.112,0.283,90.4,7.7,2.62,4.73,0
P1699,23,0.393,0.508,0.088,0.152,84.4,4.4,4.1,4.9,1
P1700,25,0.378,0.28,0.115,0.261,90.3,-2.0,2.15,4.75,1
P1701,20,0.279,0.349,0.109,0.194,86.7,-7.9,0.82,5.77,1
P1702,22,0.367,0.336,0.105,0.222,88.0,2.2,3.81,6.86,0
P1703,30,0.28,0.302,0.085,0.264,85.2,6.4,1.73,1.39,0
P1704,28,0.32,0.347,0.121,0.174,93.6,2.2,2.01,4.03,1
P1705,28,0.349,0.546,0.15,0.264,89.1,5.7,3.67,3.72,1
P1706,21,0.314,0.468,0.058,0.156,88.6,-1.2,4.39,4.99,1
P1707,27,0.36,0.437,0.057,0.269,89.0,16.7,4.21,5.76,1
P1708,26,0.318,0.433,0.091,0.246,87.4,5.0,5.2,4.51,1
P1709,29,0.261,0.288,0.153,0.222,94.7,8.8,1.44,0.99,1
P1710,28,0.359,0.365,0.044,0.21,90.9,2.4,2.9,6.05,1
P1711,28,0.318,0.33,0.077,0.24,89.5,17.4,2.83,4.59,1
P1712,25,0.375,0.385,0.066,0.163,90.3,10.4,3.23,5.48,1
P1713,24,0.313,0.326,0.111,0.157,90.9,5.0,2.68,2.87,1
P1714,27,0.287,0.307,0.086,0.202,87.0,-3.5,1.86,2.76,0
P1715,28,0.315,0.369,0.093,0.213,86.5,7.2,2.53,5.51,1
P1716,24,0.342,0.479,0.076,0.239,89.0,5.7,3.2,3.74,1
P1717,25,0.25,0.485,0.058,0.158,92.3,15.0,2.69,6.41,1
P1718,24,0.389,0.447,0.098,0.218,86.5,-4.8,4.79,5.14,1
P1719,20,0.312,0.465,0.078,0.255,87.5,2.7,2.61,4.31,1
P1720,26,0.34,0.404,0.123,0.218,87.4,16.5,2.58,6.4,1
P1721,27,0.333,0.543,0.071,0.244,88.0,4.0,4.71,5.5,1
P1722,26,0.381,0.491,0.105,0.236,95.4,10.7,3.46,5.14,1
P1723,25,0.33,0.548,0.086,0.29,89.9,5.0,3.7,6.05,1
P1724,27,0.25,0.444,0.094,0.259,88.1,5.8,2.98,1.63,0
P1725,23,0.353,0.439,0.087,0.206,88.8,20.7,1.94,6.64,1
P1726,29,0.334,0.315,0.117,0.177,94.0,3.8,3.19,4.07,0
P1727,23,0.33,0.481,0.048,0.326,92.0,10.8,4.82,4.52,1
P1728,26,0.282,0.333,0.076,0.165,91.1,-7.6,1.57,2.66,0
P1729,26,0.354,0.375,0.11,0.227,88.0,-4.9,4.8,3.05,1
P1730,25,0.293,0.407,0.063,0.231,87.6,9.4,5.48,1.74,0
P1731,26,0.364,0.365,0.093,0.306,86.3,6.2,3.09,2.52,0
P1732,22,0.377,0.485,0.107,0.26,83.8,-2.3,3.2,3.79,1
P1733,27,0.337,0.411,0.117,0.181,91.4,-6.2,5.03,4.98,1
P1734,26,0.337,0.342,0.087,0.191,87.8,-3.8,2.94,1.49,1
P1735,23,0.329,0.512,0.094,0.227,89.0,3.9,4.84,5.14,1
P1736,29,0.398,0.374,0.08,0.261,87.2,0.1,5.24,5.38,1
P1737,21,0.308,0.402,0.104,0.273,85.7,-2.1,2.17,2.83,1
P1738,29,0.373,0.523,0.074,0.151,90.5,-2.9,4.04,4.7,1
P1739,28,0.282,0.428,0.088,0.202,92.7,7.5,2.38,3.35,1
P1740,26,0.297,0.502,0.085,0.187,88.9,9.7,4.02,4.22,1
P1741,23,0.262,0.544,0.088,0.127,91.8,3.7,2.96,6.5,1
P1742,28,0.326,0.524,0.133,0.242,86.6,6.1,4.36,4.17,1
P1743,25,0.27,0.45,0.075,0.168,88.1,-4.8,3.36,1.92,0
P1744,23,0.345,0.434,0.087,0.223,95.2,-8.5,4.2,5.62,1
P1745,24,0.34,0.489,0.125,0.211,95.0,-4.0,4.98,4.77,1
P1746,20,0.288,0.385,0.073,0.237,84.7,2.3,0.7,0.9,0
P1747,24,0.306,0.426,0.092,0.209,93.3,13.0,2.96,4.69,1
P1748,21,0.289,0.531,0.088,0.178,89.7,2.6,4.96,4.33,1
P1749,22,0.308,0.469,0.059,0.197,87.9,19.2,3.71,4.29,1
P1750,28,0.347,0.481,0.078,0.21,91.2,7.8,3.38,5.83,1
P1751,29,0.313,0.381,0.046,0.142,89.9,-0.1,1.89,1.77,1
P1752,21,0.297,0.395,0.103,0.153,90.0,-1.2,3.36,4.97,0
P1753,28,0.325,0.28,0.106,0.24,86.8,-2.3,0.71,2.81,0
P1754,25,0.274,0.506,0.095,0.25,89.9,-0.9,3.0,4.25,1
P1755,23,0.318,0.506,0.07,0.2,84.9,13.3,3.54,4.94,0
P1756,27,0.319,0.474,0.083,0.24,88.1,8.7,2.89,5.1,1
P1757,29,0.275,0.316,0.105,0.239,88.1,10.7,1.57,1.7,0
P1758,22,0.333,0.444,0.129,0.268,91.6,15.0,2.81,5.87,1
P1759,22,0.321,0.538,0.1,0.227,89.8,14.0,4.98,3.32,1
P1760,30,0.358,0.398,0.039,0.24,89.7,-4.7,3.84,3.38,0
P1761,29,0.305,0.461,0.082,0.277,84.5,22.0,3.37,4.67,1
P1762,22,0.291,0.405,0.118,0.192,90.3,-11.1,2.36,4.39,1
P1763,28,0.356,0.442,0.068,0.208,90.5,-6.0,4.92,4.79,1
P1764,27,0.351,0.439,0.09,0.155,88.8,-6.1,3.91,4.3,1
P1765,26,0.33,0.416,0.115,0.16,89.7,10.2,2.83,6.31,1
P1766,27,0.293,0.341,0.109,0.164,84.9,-5.3,0.7,1.82,0
P1767,30,0.299,0.463,0.048,0.158,89.1,9.7,4.11,3.4,0
P1768,24,0.343,0.396,0.073,0.216,87.9,6.4,2.76,6.23,1
P1769,24,0.301,0.471,0.12,0.206,93.3,-0.8,2.83,5.45,1
P1770,22,0.364,0.45,0.084,0.307,90.3,-2.9,4.18,5.91,0
P1771,26,0.326,0.44,0.074,0.278,97.1,3.3,4.81,2.15,1
P1772,22,0.288,0.402,0.083,0.215,91.0,1.8,2.48,6.58,1
P1773,22,0.373,0.47,0.096,0.265,89.9,13.0,2.9,5.12,1
P1774,29,0.381,0.28,0.098,0.21,87.7,-14.8,3.4,3.74,0
P1775,28,0.34,0.337,0.116,0.218,83.7,1.0,1.96,3.94,0
P1776,22,0.317,0.478,0.099,0.274,90.8,-6.0,3.87,4.95,1
P1777,24,0.319,0.427,0.074,0.267,86.6,-2.1,3.17,5.69,1
P1778,24,0.312,0.455,0.107,0.178,81.4,-1.0,2.88,4.67,1
P1779,26,0.326,0.528,0.105,0.207,89.2,0.4,5.0,5.29,1
P1780,23,0.343,0.47,0.097,0.177,85.3,-6.0,4.55,4.73,1
P1781,22,0.335,0.326,0.106,0.181,85.2,-5.3,3.46,0.77,0
P1782,29,0.308,0.444,0.077,0.233,93.9,2.5,3.0,4.74,1
P1783,30,0.373,0.371,0.067,0.274,89.0,-1.4,4.47,3.2,1
P1784,24,0.317,0.292,0.083,0.196,94.3,8.6,1.39,2.62,1
P1785,26,0.398,0.475,0.123,0.225,91.4,19.9,4.17,3.89,1
P1786,25,0.29,0.509,0.118,0.16,87.8,10.9,3.84,5.17,1
P1787,28,0.359,0.5,0.118,0.204,92.0,6.4,5.09,5.46,1
P1788,26,0.326,0.566,0.119,0.239,92.9,0.4,4.46,6.86,1
P1789,23,0.358,0.382,0.073,0.165,89.3,-7.3,4.03,5.07,0
P1790,26,0.305,0.404,0.103,0.247,90.7,4.4,3.42,2.14,0
P1791,23,0.288,0.449,0.079,0.195,87.0,-7.0,4.17,2.81,0
P1792,29,0.264,0.419,0.08,0.161,86.4,1.2,2.98,1.72,0
P1793,22,0.304,0.404,0.079,0.174,97.3,-5.0,1.83,3.4,0
P1794,29,0.33,0.438,0.126,0.215,89.3,-0.1,1.99,5.06,0
P1795,26,0.294,0.463,0.085,0.199,89.7,2.3,4.09,5.59,1
P1796,23,0.341,0.508,0.116,0.161,87.5,-5.3,5.26,4.5,0
P1797,27,0.363,0.395,0.076,0.248,89.1,8.9,3.82,4.35,1
P1798,25,0.354,0.43,0.03,0.235,85.7,6.1,3.25,4.67,1
P1799,29,0.323,0.524,0.085,0.207,90.3,-8.6,4.26,2.93,1
P1800,30,0.28,0.424,0.03,0.215,87.3,-3.9,2.57,3.3,0
P1801,29,0.348,0.354,0.098,0.257,85.8,-7.8,2.85,0.33,0
P1802,26,0.307,0.501,0.086,0.196,86.4,-4.8,3.82,4.35,1
P1803,24,0.297,0.43,0.076,0.22,86.3,8.5,3.62,2.77,1
P1804,23,0.316,0.549,0.094,0.232,85.8,4.1,2.52,4.5,0
P1805,26,0.336,0.516,0.067,0.157,89.8,7.9,4.12,3.64,1
P1806,25,0.338,0.359,0.03,0.2,88.3,12.4,2.37,5.25,1
P1807,25,0.321,0.479,0.081,0.29,83.3,12.6,4.12,4.81,1
P1808,25,0.29,0.448,0.046,0.286,83.7,-4.9,1.93,1.9,0
P1809,25,0.288,0.453,0.074,0.244,90.2,15.1,2.97,3.96,1
P1810,28,0.346,0.522,0.085,0.196,84.0,7.8,3.62,3.23,1
P1811,21,0.334,0.401,0.083,0.208,86.8,9.9,3.52,5.95,1
P1812,25,0.31,0.413,0.07,0.221,90.2,-6.9,2.88,3.22,1
P1813,29,0.285,0.341,0.106,0.234,88.9,-3.5,2.58,4.19,0
P1814,25,0.268,0.414,0.107,0.228,91.6,7.2,2.03,5.68,1
P1815,20,0.33,0.449,0.076,0.194,87.6,-0.4,1.39,6.13,1
P1816,22,0.36,0.425,0.103,0.268,90.7,-2.1,3.52,4.96,1
P1817,21,0.33,0.341,0.099,0.181,90.8,-3.3,1.71,4.18,1
P1818,25,0.288,0.386,0.065,0.254,88.7,2.6,1.59,2.16,0
P1819,28,0.378,0.28,0.077,0.286,88.0,6.3,3.82,4.69,1
P1820,28,0.257,0.484,0.08,0.239,94.0,6.2,1.06,5.22,1
P1821,24,0.299,0.381,0.068,0.207,85.2,17.0,0.92,3.56,0
P1822,27,0.298,0.474,0.09,0.102,81.7,5.1,3.15,5.27,0
P1823,29,0.332,0.379,0.101,0.274,87.5,11.2,4.29,2.63,0
P1824,21,0.3,0.369,0.101,0.283,87.8,8.3,2.2,2.84,1
P1825,29,0.249,0.543,0.083,0.217,87.4,2.0,2.81,2.5,1
P1826,26,0.357,0.423,0.1,0.235,80.0,10.0,2.66,4.38,0
P1827,30,0.292,0.584,0.035,0.244,91.7,-5.7,3.35,5.25,1
P1828,24,0.335,0.464,0.091,0.234,87.7,-0.1,2.5,2.26,1
P1829,29,0.298,0.355,0.103,0.186,86.7,2.7,2.08,2.72,1
P1830,25,0.374,0.394,0.092,0.202,89.8,-2.2,4.03,3.34,1
P1831,27,0.269,0.427,0.088,0.163,87.6,-12.0,0.72,2.17,1
P1832,27,0.394,0.286,0.08,0.261,88.7,1.4,4.13,5.47,1
P1833,24,0.287,0.344,0.076,0.25,82.4,0.3,0.7,1.11,0
P1834,28,0.401,0.543,0.086,0.309,87.9,3.5,5.55,4.41,1
P1835,21,0.364,0.509,0.079,0.167,84.9,-6.0,4.02,4.87,1
P1836,30,0.401,0.387,0.04,0.211,86.3,9.2,3.03,4.52,1
P1837,27,0.39,0.465,0.046,0.215,87.2,-18.0,6.52,3.58,1
P1838,21,0.317,0.541,0.076,0.205,90.7,7.8,3.07,6.88,1
P1839,27,0.293,0.334,0.074,0.226,86.3,2.0,1.47,3.68,1
P1840,29,0.379,0.441,0.1,0.215,90.3,0.9,5.58,5.75,1
P1841,24,0.342,0.493,0.102,0.191,91.2,2.1,4.32,5.25,1
P1842,23,0.282,0.415,0.094,0.21,92.6,-2.2,0.85,4.56,1
P1843,27,0.265,0.474,0.109,0.194,90.3,-5.9,1.22,3.27,0
P1844,26,0.309,0.485,0.112,0.275,90.6,8.0,3.33,5.06,1
P1845,21,0.345,0.311,0.138,0.198,88.5,1.9,2.51,3.65,1
P1846,23,0.281,0.492,0.105,0.161,88.3,-0.5,3.05,4.1,1
P1847,29,0.3,0.508,0.056,0.21,90.7,1.6,3.5,5.0,1
P1848,29,0.349,0.437,0.059,0.166,86.1,-2.9,4.65,2.09,0
P1849,24,0.29,0.326,0.153,0.223,89.1,5.3,2.23,5.25,0
P1850,22,0.316,0.451,0.096,0.226,96.7,7.5,3.28,3.56,1
P1851,28,0.372,0.386,0.11,0.187,86.4,-0.3,4.41,7.5,1
P1852,27,0.275,0.489,0.08,0.267,91.1,3.7,2.9,2.55,1
P1853,22,0.366,0.44,0.1,0.186,87.9,14.2,3.37,4.97,1
P1854,23,0.336,0.498,0.054,0.245,90.3,-6.4,4.52,4.86,1
P1855,21,0.361,0.515,0.05,0.242,89.0,6.7,4.97,5.47,1
P1856,30,0.24,0.386,0.099,0.175,87.5,1.6,1.89,1.06,0
P1857,23,0.378,0.41,0.121,0.229,92.1,13.2,3.12,4.29,1
P1858,25,0.298,0.433,0.084,0.245,83.3,-5.6,2.61,1.55,0
P1859,22,0.291,0.347,0.098,0.207,89.2,5.3,0.93,4.08,1
P1860,29,0.334,0.358,0.08,0.243,90.3,7.5,3.27,2.02,1
P1861,24,0.37,0.39,0.121,0.236,88.2,5.9,2.8,6.78,1
P1862,25,0.327,0.534,0.087,0.186,88.3,-0.0,4.37,4.23,1
P1863,22,0.266,0.488,0.056,0.262,88.5,-7.2,2.2,2.34,0
P1864,23,0.374,0.53,0.147,0.184,84.6,-3.6,3.69,6.08,1
P1865,28,0.33,0.28,0.067,0.212,90.6,-5.0,2.2,3.57,0
P1866,23,0.362,0.427,0.123,0.231,94.2,-7.1,3.51,4.96,1
P1867,23,0.361,0.507,0.091,0.179,87.4,-5.2,4.8,5.83,1
P1868,29,0.314,0.459,0.095,0.202,87.4,2.7,2.41,5.68,1
P1869,27,0.282,0.299,0.101,0.268,88.2,-3.6,1.36,2.31,0
P1870,22,0.335,0.447,0.086,0.188,87.0,-3.0,1.64,3.89,1
P1871,24,0.345,0.444,0.073,0.283,91.7,1.3,1.65,5.17,0
P1872,28,0.343,0.594,0.076,0.154,94.1,-3.3,4.76,3.63,1
P1873,30,0.311,0.418,0.089,0.22,89.7,4.9,1.82,4.54,1
P1874,30,0.371,0.28,0.071,0.287,90.8,0.5,4.29,4.92,1
P1875,28,0.338,0.4,0.119,0.17,86.0,7.7,1.78,3.42,1
P1876,30,0.331,0.384,0.054,0.255,84.1,-1.5,3.82,2.9,0
P1877,20,0.378,0.524,0.107,0.207,86.7,-3.5,4.65,6.55,1
P1878,30,0.349,0.404,0.074,0.204,92.7,2.2,4.28,5.78,1
P1879,22,0.356,0.38,0.103,0.201,86.7,-0.3,1.4,4.18,1
P1880,20,0.313,0.401,0.077,0.136,91.4,-5.8,4.3,2.77,0
P1881,25,0.31,0.375,0.11,0.216,91.4,-10.5,2.03,2.8,1
P1882,25,0.271,0.555,0.062,0.144,92.8,5.4,2.78,5.33,1
P1883,20,0.382,0.418,0.128,0.165,93.0,0.7,3.28,4.94,1
P1884,20,0.267,0.466,0.083,0.224,80.6,3.4,2.1,0.87,0
P1885,25,0.363,0.462,0.064,0.124,89.5,-2.8,3.85,2.99,1
P1886,28,0.276,0.496,0.106,0.252,89.5,-5.3,2.49,0.88,1
P1887,22,0.351,0.356,0.062,0.18,93.2,-9.7,3.17,5.08,1
P1888,28,0.351,0.463,0.076,0.235,86.1,-0.4,4.03,2.08,1
P1889,30,0.35,0.559,0.123,0.225,87.6,3.9,5.07,5.99,1
P1890,29,0.304,0.395,0.107,0.274,95.7,-6.9,2.98,2.86,1
P1891,22,0.315,0.422,0.083,0.216,90.1,11.2,2.07,4.7,0
P1892,27,0.359,0.403,0.073,0.208,95.9,5.1,4.3,5.2,1
P1893,20,0.305,0.311,0.103,0.258,86.1,0.7,2.24,2.57,1
P1894,30,0.353,0.425,0.067,0.168,83.2,0.1,5.17,2.71,0
P1895,26,0.289,0.548,0.058,0.199,92.2,8.3,1.99,4.11,1
P1896,26,0.291,0.352,0.05,0.146,87.0,10.0,1.73,2.18,0
P1897,23,0.38,0.392,0.113,0.155,86.5,1.6,1.59,6.4,1
P1898,20,0.4,0.479,0.101,0.169,88.7,-2.6,6.65,6.06,1
P1899,21,0.378,0.393,0.118,0.321,90.7,-15.5,3.73,6.77,1
P1900,29,0.311,0.412,0.091,0.328,91.3,-9.0,2.94,3.07,0
P1901,29,0.306,0.365,0.123,0.226,88.7,6.3,2.41,4.39,1
P1902,21,0.358,0.493,0.059,0.205,90.0,8.1,4.07,4.39,1
P1903,29,0.344,0.35,0.077,0.191,86.7,13.2,2.66,1.14,1
P1904,22,0.329,0.358,0.119,0.301,89.8,0.7,1.99,4.75,1
P1905,28,0.325,0.384,0.118,0.258,90.2,12.5,3.44,2.7,1
P1906,30,0.374,0.516,0.097,0.163,87.5,15.9,2.68,6.02,1
P1907,28,0.342,0.552,0.105,0.227,90.2,3.9,3.41,5.43,1
P1908,22,0.324,0.408,0.085,0.316,89.6,2.2,3.85,3.91,0
P1909,30,0.318,0.48,0.091,0.194,85.7,-0.5,4.13,1.22,0
P1910,26,0.316,0.601,0.117,0.21,92.5,8.9,3.56,5.22,1
P1911,28,0.282,0.505,0.046,0.208,88.0,6.9,3.7,0.8,0
P1912,23,0.368,0.459,0.08,0.294,85.5,2.9,4.6,4.38,1
P1913,25,0.325,0.345,0.088,0.212,86.4,3.9,0.8,2.28,1
P1914,26,0.267,0.343,0.098,0.193,91.7,-0.8,0.7,5.59,1
P1915,27,0.297,0.413,0.067,0.259,90.7,7.5,2.5,4.61,1
P1916,30,0.309,0.471,0.141,0.183,89.9,-5.0,3.69,3.38,0
P1917,28,0.327,0.473,0.062,0.295,88.3,0.3,4.91,4.14,1
P1918,27,0.38,0.465,0.092,0.238,90.7,0.4,4.69,5.55,1
P1919,26,0.286,0.327,0.107,0.238,84.6,7.7,0.95,2.26,0
P1920,20,0.294,0.381,0.109,0.272,93.0,-1.3,1.5,2.31,0
P1921,22,0.292,0.483,0.114,0.273,92.0,-6.1,3.01,2.99,0
P1922,28,0.326,0.549,0.073,0.243,89.8,2.8,3.38,4.99,0
P1923,30,0.319,0.378,0.092,0.212,86.4,-5.4,1.67,1.55,0
P1924,24,0.24,0.434,0.099,0.272,87.7,10.6,1.65,1.21,0
P1925,25,0.321,0.512,0.088,0.146,91.0,16.9,4.01,5.31,1
P1926,23,0.304,0.496,0.088,0.217,91.1,4.9,2.5,4.71,1
P1927,29,0.311,0.439,0.08,0.193,89.6,3.6,1.6,4.26,1
P1928,27,0.3,0.37,0.085,0.1,93.3,3.5,2.67,3.27,1
P1929,23,0.347,0.42,0.072,0.189,89.5,4.9,4.68,5.27,1
P1930,26,0.283,0.43,0.115,0.236,90.9,12.6,3.12,3.19,1
P1931,30,0.335,0.31,0.066,0.249,87.6,2.3,4.29,0.93,0
P1932,20,0.319,0.28,0.084,0.247,89.9,3.1,1.82,2.7,1
P1933,23,0.372,0.397,0.099,0.137,89.7,-2.0,5.09,5.41,1
P1934,25,0.24,0.327,0.078,0.193,90.2,-1.4,0.7,1.22,0
P1935,20,0.318,0.357,0.084,0.239,93.2,1.9,2.74,5.87,1
P1936,26,0.359,0.414,0.13,0.216,86.5,-9.2,3.56,5.26,0
P1937,23,0.341,0.456,0.095,0.308,93.3,-2.9,3.36,5.65,1
P1938,20,0.322,0.38,0.119,0.167,90.5,0.1,2.22,4.9,1
P1939,26,0.315,0.44,0.094,0.209,86.9,4.4,3.15,4.66,1
P1940,30,0.301,0.508,0.147,0.267,92.6,-1.2,4.22,5.03,1
P1941,26,0.326,0.447,0.104,0.238,93.1,4.7,2.47,4.02,1
P1942,28,0.274,0.449,0.103,0.238,91.3,5.1,1.41,5.16,0
P1943,20,0.319,0.368,0.096,0.156,88.0,9.0,2.63,4.8,1
P1944,24,0.313,0.434,0.107,0.164,88.9,4.8,2.69,5.09,0
P1945,21,0.35,0.507,0.085,0.191,89.2,-3.1,3.51,5.57,0
P1946,27,0.32,0.326,0.044,0.204,92.7,1.5,1.49,3.74,1
P1947,24,0.265,0.427,0.064,0.206,88.2,2.0,2.17,3.39,1
P1948,29,0.353,0.446,0.03,0.218,92.0,1.7,4.15,6.46,1
P1949,20,0.314,0.407,0.038,0.253,85.4,-9.0,3.62,1.14,0
P1950,24,0.354,0.456,0.141,0.237,86.9,5.0,4.07,4.01,1
P1951,24,0.359,0.291,0.119,0.241,89.4,4.0,3.31,2.89,0
P1952,24,0.368,0.337,0.153,0.195,96.1,-9.7,2.68,4.65,0
P1953,23,0.364,0.572,0.071,0.194,85.6,1.2,4.68,7.06,1
P1954,29,0.283,0.399,0.062,0.206,85.0,-2.2,2.06,2.35,0
P1955,23,0.301,0.349,0.101,0.225,89.9,0.5,1.01,2.28,1
P1956,24,0.337,0.452,0.097,0.223,88.2,0.1,4.99,3.49,1
P1957,30,0.323,0.488,0.103,0.279,90.4,-4.9,3.56,0.59,1
P1958,24,0.346,0.454,0.067,0.186,91.6,-3.3,3.36,4.71,1
P1959,28,0.281,0.508,0.052,0.2,88.3,20.1,2.04,4.86,1
P1960,27,0.334,0.485,0.115,0.229,86.4,-4.1,3.06,3.29,1
P1961,20,0.3,0.499,0.111,0.211,85.9,4.9,3.15,4.98,1
P1962,26,0.365,0.431,0.151,0.208,87.2,-2.5,4.12,4.38,1
P1963,26,0.316,0.355,0.093,0.257,90.5,7.8,4.29,2.54,0
P1964,30,0.344,0.385,0.172,0.253,87.1,-8.7,2.36,1.6,0
P1965,24,0.288,0.517,0.091,0.251,86.4,-18.0,3.58,4.11,0
P1966,28,0.375,0.417,0.094,0.22,86.5,1.5,2.37,3.35,1
P1967,30,0.327,0.453,0.098,0.242,92.8,4.7,3.76,5.06,1
P1968,26,0.291,0.408,0.106,0.25,87.9,2.4,2.05,4.0,1
P1969,21,0.352,0.517,0.05,0.234,82.8,-9.8,3.72,4.49,1
P1970,22,0.38,0.459,0.068,0.175,87.5,3.9,4.1,4.91,1
P1971,27,0.321,0.28,0.074,0.174,91.8,2.3,1.58,3.5,1
P1972,29,0.394,0.34,0.151,0.22,89.7,-1.3,4.17,4.41,1
P1973,29,0.301,0.358,0.063,0.175,87.1,3.5,2.46,3.55,1
P1974,21,0.329,0.501,0.074,0.183,92.3,5.4,4.08,4.71,1
P1975,28,0.311,0.537,0.112,0.24,93.5,-15.9,3.87,3.58,1
P1976,28,0.34,0.39,0.114,0.25,95.8,-3.0,3.16,5.31,1
P1977,20,0.351,0.423,0.063,0.147,90.6,10.4,2.77,6.22,1
P1978,28,0.288,0.452,0.139,0.226,89.7,6.0,2.83,2.05,1
P1979,24,0.333,0.414,0.093,0.218,88.3,-4.9,3.0,4.21,1
P1980,26,0.293,0.369,0.118,0.232,90.3,12.0,2.94,4.37,1
P1981,26,0.341,0.384,0.115,0.199,94.5,-0.2,3.27,4.35,1
P1982,20,0.295,0.577,0.103,0.202,84.3,-6.8,3.75,4.32,1
P1983,21,0.287,0.382,0.076,0.244,84.7,-1.8,2.43,2.98,1
P1984,27,0.33,0.382,0.05,0.173,93.2,-6.9,2.57,2.78,1
P1985,23,0.311,0.489,0.068,0.244,93.9,10.2,2.33,5.1,1
P1986,20,0.285,0.467,0.098,0.242,89.8,8.0,2.22,1.72,0
P1987,24,0.284,0.445,0.06,0.202,88.9,-2.8,3.49,1.02,0
P1988,27,0.274,0.391,0.105,0.192,92.9,-0.5,1.37,3.5,0
P1989,29,0.273,0.376,0.067,0.222,87.8,12.8,1.6,2.53,0
P1990,20,0.351,0.484,0.108,0.249,90.5,-4.1,4.29,5.33,1
P1991,26,0.302,0.411,0.085,0.235,93.6,-9.3,4.62,4.24,1
P1992,22,0.328,0.496,0.077,0.273,89.8,11.3,2.42,5.56,1
P1993,23,0.243,0.42,0.09,0.291,89.8,1.3,0.7,3.16,1
P1994,25,0.32,0.493,0.086,0.291,89.3,3.4,3.98,4.05,1
P1995,30,0.325,0.385,0.101,0.176,92.6,20.2,2.29,4.91,1
P1996,23,0.327,0.468,0.085,0.234,88.9,-1.2,3.69,4.9,1
P1997,27,0.316,0.438,0.051,0.171,84.5,-6.9,2.55,2.87,0
P1998,23,0.341,0.529,0.109,0.232,83.5,-4.5,4.13,2.38,0
P1999,27,0.252,0.527,0.082,0.194,91.5,-0.8,2.49,2.95,1
P2000,26,0.302,0.458,0.03,0.266,90.2,10.8,1.92,2.92,0
